,Corn..China,Wheat..China,Japonica.Rice..China,Pork..China,Beef..China,Mutton..China,Cotton..China,Soybean..China,Soybean.Meal..China,Soybean.Oil..China,Rapeseed.Meal..China,Rapeseed.Oil..China,Palm.Oil..China,Pure.Benzene..China,Toluene..China,O.Xylene..China,Styrene..China,Butadiene..China,P.Xylene..China,PTA..China,Epoxy.Ethane..China,Propylene..China,Polystyrene..China,Natural.Rubber..China,PP..China,Causticsoda..China,Potassic.Fertilizers..China,Xylene..China,Glycol..China,Acrylamide..China,Acrylic.Acid..China,Acrylonitrile..China,Butyl.Acrylate..China,PET.Chips..China,Methyl.Methacrylate..China,PVC..China,Urea..China,Methanol..China,Metallurgical.Coke..China,Hard.Coking.Coal..China,Coking.Coal..China,Hot.rolled.Sheet.Coil..China,Platinum..China,Silver..China,Palladium..China,Gold..China,Copper..China,Nickel..China,Aluminum..China,Zinc..China,Lead..China,Tin..China,Chrome.Metal..China,Silicon.Metal..China,Cobalt..China,Ingot..China,Electrolytic.Manganese..China,Nickel.Sulfate..China,Antimony..China,Soybean.Oil..US,Diesel.Oil..Singapore,Gasoline..Japan,Brent,WTI,Henry.Hub.Natural.Gas,Crude.Oil..UAE.Dubai,Naphtha..Korea,Gold..UK,Silver..UK,Platinum..UK,Palladium..UK
Corn..China,0.315780471392712,0.0690471942346035,0.057850310162288,0.00555509229802246,0.0218611030828017,0.0181628320141961,0.0298362183002177,0.0411341863341014,0.0178490623152109,0.00806347379978803,0.0126656023756737,0.00724048885476572,0.00500644123560635,0.00630415113001911,0.00977864797112581,0.00564235567424411,0.00763991138885672,0.00413189575746909,0.00316184860264812,0.00525780701697354,0.00310422652188214,0.00430403227915212,0.0111897079258804,0.00503274394284192,0.00797572116611259,5.04976428633988e-05,0.0158358050111864,0.011366970087572,0.00440821510205363,0.0114198057469461,0.00257644680436476,0.0056504758201958,0.00650436333131329,0.00956571515130568,0.00358517260771241,0.00922914453079763,0.0158843077216492,0.00136988070103394,0.00815954346813502,0.00693880088045505,0.0115968278372725,0.00728096392700707,0.0130116885205345,0.0122886516990848,0.00438695417764679,0.0252059318355688,0.0157592982490588,0.00698876969376073,0.0101832777021449,0.00904752344314544,0.0081283425816416,0.0134974815816462,0.0170933506677055,0.00219379570474785,0.00492811470920785,0.00210106516700704,0.00242032201995682,0.0171026578257752,0.0118030037258942,0.000217426864922803,6.74254754620402e-06,3.37373489577966e-05,0.000244827637463896,0.00025795749262001,0.000288120847204316,2.32815428222013e-05,2.95177610961773e-06,0.00225234625057955,0.00403604491928498,0.00060549532251467,0.000892375996389727
Wheat..China,0.0646614681275557,0.295722789500856,0.0463791416566944,0.00435301010167814,0.017854911584359,0.010951441490678,0.0351885229880523,0.0279701453021511,0.00803292708312726,0.00737436049743173,0.0051486914060711,0.00821255202972258,0.00479899016011945,0.00629010249037626,0.0110416902958219,0.00530359442572261,0.00550525918928195,0.00360468418160692,0.00211667500110715,0.00700047580952102,0.00741733660322634,0.0093026128247095,0.00966910649083934,0.00703628446405683,0.0107806407048759,0.00126608168870157,0.0202430591176844,0.011539800975984,0.00474285902766917,0.0188471608625873,0.00280911712177445,0.00412450291997451,0.00515831905811318,0.0104140431968828,0.00150284177585252,0.0124561784428555,0.0115955056719252,0.00536252156560069,0.0150177354484005,0.0257225041778211,0.0308871946564507,0.0155975621749173,0.0126031742302802,0.0110758377032953,0.0074523003328585,0.0177153931280528,0.0153185479334297,0.00838921600367382,0.0116457547599557,0.0109385485489091,0.0097570922866502,0.0122790760579567,0.0131874268679274,0.00451559818225592,0.00551386530150363,0.00145618240275924,0.00427251514493933,0.0149920995335792,0.0109402889417098,2.56823209523599e-05,0.000238338813198505,1.15343290936183e-05,0.000168189676655916,3.77805153398165e-05,9.90540422994999e-05,1.19585580658457e-05,0.000124497848454343,0.0012086750140954,0.00461331340428511,0.00101962158672637,0.00138403423825955
Japonica.Rice..China,0.066620378966229,0.0570327861925445,0.36365258224719,0.00613108991284597,0.0174545022687697,0.0144572807556908,0.0317975127222454,0.0278714463308725,0.00602160693657278,0.00792588884411126,0.0066073649476421,0.00768672799703549,0.00565784379657069,0.00879124262220229,0.00951983838094236,0.00838251509190322,0.00882976045987322,0.00375279666071244,0.000845159458736295,0.00403265493101814,0.00690238048236267,0.00201568733163974,0.0110934269708971,0.005566378017187,0.00383407129850763,0.000805290636968133,0.010653524749232,0.00855633603035668,0.00594242395090207,0.0141674063342947,0.00637638308532529,0.00642229534605742,0.00734418360944332,0.0114958456825184,0.00853346614150761,0.010065694856755,0.00995566708239226,0.00170260207191704,0.00693030911372685,0.0126835551728245,0.0135044699225711,0.0110096078373794,0.0105910886378452,0.0108166559402447,0.00513871809930656,0.0193196671102521,0.0139867348367245,0.00715752693019376,0.0104290229229809,0.00864165314948652,0.0127491494461725,0.0100780544623137,0.0104651838951147,0.00158620769501321,0.00481750426930955,0.00186941751946916,0.00267057685880826,0.0125710184060237,0.0123673953984791,5.8373740756362e-05,4.02738188596696e-05,1.90878703931141e-05,0.000108061428708205,4.91728686687591e-05,1.8924819630184e-06,9.02183960685449e-07,1.67386178999093e-05,0.000388566755791718,0.00485256156877562,0.00018171298191115,0.000395094856099334
Pork..China,0.0150253667841703,0.0125725668281486,0.0144002516381922,0.854120355055619,0.0171975853269742,0.00528680690297768,5.13411905355619e-05,0.0147078245179234,0.00474089132302906,0.00272619542395995,0.00236289092571572,0.00174384251817997,0.000206533325257419,7.61882011728727e-05,0.000355886889904755,0.000162008850253586,2.11807384780798e-05,0.00114417459670914,0.00167845569252603,7.40329316110772e-05,1.21516851221769e-05,0.000341507489921391,0.00054926908795327,0.000164372088888941,4.39294853619469e-05,0.00258076810161881,0.000269112882164177,5.39066825686967e-05,0.00029950789139454,0.00784915385380566,0.000734684300802855,0.00160647195014816,5.51871454396368e-06,6.38556090028037e-05,2.40625143136693e-06,0.00215761097950619,2.77320832191756e-05,4.53422213033916e-05,0.000224726949022474,3.544961050405e-07,3.34111607636648e-05,1.64480403574143e-07,0.00287555737364432,0.00220887517599074,0.0015762395909135,0.00493146400138834,0.00124646356553772,0.000394849247765554,1.0798181983924e-08,0.000671402776183749,0.00241192766678692,1.33463264517807e-06,0.00729917121954974,0.000102924607945917,0.00147234644806504,3.69831203940063e-06,0.000702000789360857,0.000233750485045419,0.00078605693218669,0.000111746928183506,0.000358264849513089,0.00018918178159584,3.6993176201485e-05,0.000220097581318882,0.00086795215290895,6.19258521527328e-05,0.000525880104464472,0.000147160860904968,0.000790869677681912,0.00186968969212356,0.00218182561332857
Beef..China,0.0384750178393811,0.0335555944000396,0.0266755154303324,0.0111902664469672,0.555766066522097,0.0860143502315199,0.0151524115004596,0.0180204094982095,0.00908413071476786,0.00386930981078208,0.00662780099935568,0.00393041988179797,0.00273904280483847,0.00448127055242956,0.00333783444681274,0.00250101824257354,0.00337588847548829,0.00168850011019571,0.00117072921807853,0.00274436123130546,0.000469971780266398,0.00147056500923582,0.00275665150990068,0.00311520873608734,0.00395916518012389,0.0065142368731497,0.00569392755447889,0.00350049822275976,0.00246108329789424,0.00758666055543678,0.00169723677698649,0.00438200718776324,0.00349325234544941,0.0054945508740414,0.00227269953693248,0.00346494151502925,0.00576255552381546,0.00133818503595762,0.00410544073497475,0.00641200449460384,0.00928574978147525,0.00806835127422702,0.00550549699821256,0.00547741805855892,0.0049743541952109,0.00957545796197438,0.00489372392838501,0.00101524659857464,0.00340305283982884,0.00568187310711909,0.00338844624064031,0.0050743742361729,0.00699667289028231,0.0046734550457613,0.000724110816956087,0.00272994515485537,0.00202691079692287,0.0036165578565586,0.00424261830662142,0.000147788214906695,8.96658970938203e-06,2.91374766138807e-05,0.000109893469752704,0.000379982655822018,1.99338182638239e-05,0.000478828262483316,9.34785401841391e-05,0.00043868828362974,0.000528010643803787,8.96034490721217e-06,5.17345092661941e-05
Mutton..China,0.0353883916185221,0.0227849993332995,0.0244603386968181,0.00380835042928995,0.0952229021694726,0.615265448603634,0.0105271114553202,0.0112276774021904,0.00425429112294456,0.00187761562113212,0.0049055240784389,0.00118352580031884,0.00247354508006119,0.00239198574458088,0.00229402771373876,0.00388637973350716,0.00246920011939522,2.30275160928668e-05,0.000333063372794095,0.00143312685446397,0.00192513489087882,0.00108157609179373,0.00518452848338305,0.00177827228254901,0.00244337944012438,0.00633326372066434,0.00436327279199058,0.00315396866107494,0.00236366845130267,0.00901016598716529,0.00220186865480387,0.00382421978077609,0.00317054792676197,0.00247034528286721,0.00130838812779175,0.00390876143097358,0.00404732248242299,3.21523748980529e-05,0.00318890423316184,0.00166017546277471,0.0032578960343634,0.00934323898133516,0.00641440975054683,0.00378714767540206,0.00376039476497795,0.00785200837080418,0.00638422411462443,0.0013763953008219,0.00615469395425018,0.00434680660803443,0.00393602800045124,0.00546698117218127,0.00521547886642672,0.00399432180384252,0.0016794213341054,0.00206101590103019,0.00142886216504082,0.00420219719591453,0.00369908889319667,0.000133396027873212,0.000283416474549915,2.10808505794026e-05,0.000765197511279054,0.000293104674696405,0.000313966482411258,0.00124748906203106,0.000602546719193573,0.00037083852765409,0.00123954204100184,0.000429753588698489,0.000278608128507354
Cotton..China,0.027426992554367,0.0345410809988309,0.025382018437629,1.74488393651961e-05,0.00791424354967324,0.0049666822367156,0.290281715683761,0.0152383148550137,0.00361619051965192,0.00835854546647279,0.00557546125542208,0.00753259485344378,0.00726440340215682,0.0179747432581409,0.0240052037926018,0.00661147464622345,0.0126915987442825,0.00429264429344872,0.0164950424160605,0.0157700888016364,0.0104977441198437,0.0145687468903402,0.0193557870408415,0.0132710343748682,0.0181387584166411,0.00294759597365227,0.00972271411835174,0.0211944159717051,0.0130938880042939,0.015389882789585,0.00953423966009832,0.00696500992543766,0.014157378145125,0.0350010570666123,0.0123167551935146,0.0203236336700422,0.0100240286285495,0.0121060086490312,0.00913389570527447,0.018420515987543,0.0191444718859839,0.0131820836423423,0.00686374244276888,0.00676628778822046,0.00541712927197706,0.0077613963736285,0.0155927643130301,0.0105585440835985,0.0106625204753292,0.011788032112094,0.00497389002323683,0.0131203349128565,0.0122292506422153,0.00171746497984904,0.00383478218784422,0.000269352019256678,0.00876525012345366,0.0100498909966172,0.00883782657522244,8.09316687392164e-06,0.000363485229976148,7.43551869580583e-05,2.03649805111924e-05,0.000141449109739749,0.000129370326178225,4.76585862278194e-05,4.58335478212909e-06,0.000148712607571386,0.00347321110423814,0.000773829431268667,0.00116029312990206
Soybean..China,0.0615550689609074,0.0446947084009311,0.0362175451484139,0.00813721043775103,0.0153221182277354,0.00862330165409402,0.0248063828052871,0.47254827250519,0.00881110219122566,0.00441669014726271,0.00779791151598827,0.00440961723719919,0.0025010456126615,0.00115796548437043,0.00489110955404393,0.00813578070787904,0.00318665227015428,0.000392928042996502,0.00266880524277153,0.00471226334222254,0.00165902977118365,0.00353350103603086,0.0052105540898275,0.00244757243098633,0.0104047504067034,0.000449562964057813,0.0132261626805402,0.00636061677154047,0.0041068236137261,0.0119905914907054,0.00186501649027434,0.0051046404020551,0.00264172735139498,0.00919121397686116,0.00293742102450578,0.00967410454115351,0.0104764075487573,0.0033671445993674,0.0031049938483799,0.0124670825616912,0.0163750456595992,0.00999813004855425,0.00693807568298148,0.00609740502324367,0.0042450755348056,0.0104761673933666,0.0126999238620074,0.00143438870383941,0.0032707009495109,0.0078474760993488,0.0113886206888293,0.00777637877798096,0.0185897728514264,0.0041907065517615,0.00180848959268753,0.00131097087098613,0.00147977945511465,0.0132268768778666,0.0117786234885314,1.46691201576743e-05,2.30302284681342e-05,0.000818600282302138,0.000169742442280194,1.09847889398537e-05,0.000118587266811362,0.000235095656214584,0.000508862639669371,8.51735460816777e-05,0.00146642590500631,0.000363363823764662,4.74590990339214e-05
Soybean.Meal..China,0.0232146671160622,0.0111563300523872,0.00680076943024515,0.00227967665315053,0.00671310858221839,0.00283986046579618,0.00511639358203986,0.00765801798289424,0.410707206668655,0.0549085996602969,0.210771827844959,0.0426580350517414,0.0242997262494502,0.00120051944807637,0.00267415406729715,0.00105450575654024,0.0015872506661427,0.000640749102619421,0.00174562547325431,0.00681452263848807,0.000989739668288349,0.000780882424600738,0.00369663857907644,0.00666798071834447,0.00207527535402552,0.000277638936942234,0.000782166646940776,0.00678756218930825,0.00471787366400096,0.000438080748527435,0.00216613589423088,0.000895561320804111,0.00108441082848359,0.00137489853221291,0.000760833785439161,0.0020905462537181,0.00856128319608044,0.00515745436026466,0.00164940525305089,0.000767149978433411,0.0015668101783986,0.0122584780361094,0.00470296922246036,0.00690693151497079,0.00260970229092675,0.00732529568803949,0.011086522145198,0.0113656019956693,0.00561726659370687,0.00934525021717728,0.00334136935674505,0.012669424399741,0.00184638682226421,0.00109791360649819,0.00146562392784206,0.00777303893239892,0.00270094850563229,0.00697192516854882,0.00246957092166678,0.00100389643846574,0.00182944024070294,6.18740150516774e-05,0.000107055255516426,0.000347562496323733,0.000308962310159338,0.000822225938361961,0.000418888074748372,0.000680746187191877,0.00258322497294813,0.0010788854280559,0.00107314429339155
Soybean.Oil..China,0.00654892838693432,0.00639544685015418,0.00558975736975713,0.000818601323311043,0.00178556542961434,0.000782674638715754,0.00738485779447877,0.00239707742907993,0.0342878799737506,0.256467210742775,0.0353814723577734,0.135736980790641,0.152659390852681,0.00777076457633415,0.00983353789078923,0.000678203623112204,0.00903374398685824,0.00134308415922348,0.00146428877480444,0.0141104709404905,0.000677917080910653,0.00568355779383278,0.00543464909435537,0.0178892581645055,0.00638243604077583,9.59855846374514e-06,0.000189210582068021,0.0130168394788295,0.0158941559033681,0.00228748537792492,0.00303178479215928,0.00144502868939836,0.00429184667734228,0.00532483573768335,0.000899375934514481,0.0155488679349995,0.00113956559750096,0.00430467476338148,0.000529310795425876,0.0017353359223756,0.00248125159996417,0.013073751111122,0.00788952396575132,0.0148516747769645,0.00511431199521326,0.0100137490752648,0.0286044782130533,0.0163761796898521,0.0135457526024628,0.0174544870828036,0.00340602856272225,0.0179816356153974,0.00140536220981618,0.000951816363391166,0.00221711560122689,0.00114701286865913,0.000466301059825376,0.00474905833714676,0.00297843574040779,0.00251811709274897,0.00520571380225508,0.00560365252511335,0.00114887644489153,0.00112854783546246,0.000214524054840651,0.00658077554479366,0.00312226607800762,0.00157851488098658,0.00629202029748952,0.00290335410830212,0.00281003805296987
Rapeseed.Meal..China,0.0162288221641705,0.0070446348795616,0.00735170445325049,0.00111936319448945,0.00482529482728103,0.00322603670928124,0.00777154813480019,0.00667695644643511,0.207647477019026,0.0558198693305462,0.404619137814804,0.0565740947721397,0.0267087689585108,0.0030631252090196,0.00391833737123026,0.000289233506838882,0.00170601661492781,0.000870924476447177,0.00063467739230274,0.00680557059236584,0.000542361851502951,0.00196838561875703,0.00408250452560803,0.00812396941329094,0.00462508458978572,3.74766383417432e-05,0.000364871670289141,0.00551384869302637,0.00479916469088624,0.0022132057199946,0.00124518231195908,0.00316688746587518,0.00178317865715339,0.00202560321377773,0.00232868619639959,0.00626547197401085,0.00712470242487739,0.00468568697733544,0.000556498682689469,0.000242993575270452,0.000739845551221404,0.00779009893059729,0.00536377911995588,0.00873591548938038,0.00313896128748232,0.00745423044444712,0.0107032614921194,0.00839635482451064,0.00824296666685112,0.00896328907404109,0.00386197392267459,0.0116300817083306,0.00143953679403389,0.00038274096890786,0.00263774588108658,0.000951163485349452,0.00145192917747943,0.0058990611308129,0.00313778522461018,0.00161973222471605,0.00230510903560685,0.00055025716305574,0.000186594798453523,0.000243050126415516,6.60770062122019e-05,0.0017769997598443,0.000740105343218292,0.00118890991624446,0.00324056145587818,0.00129680542694504,0.00126771781125764
Rapeseed.Oil..China,0.00689157847078009,0.00834698099701931,0.00635317652528728,0.000613654997512272,0.00212560717049563,0.000578164321129509,0.00779939674439218,0.00280472831317685,0.0312179663551822,0.159075355678122,0.0420249570499176,0.300563393134761,0.115351788671556,0.0052904900692874,0.0073470982542087,0.00100341770747508,0.00842052664808879,0.000838349803031777,0.00179000736438349,0.0122568722370336,0.00107240136610462,0.00563182078654067,0.00579557030883352,0.0163959282182988,0.00693256011982717,3.84927022540174e-06,2.58776632856951e-06,0.00957845866761077,0.01100163555243,0.00312434707476386,0.00163218619482855,0.000650736356720207,0.0013227450024879,0.00436888311210647,0.000583161197021165,0.0138621838130601,0.00187060293897095,0.00272841381246452,0.000533477166996334,0.0020644375639932,0.00351698757553714,0.0104551369629586,0.00833948699859486,0.0129610150189622,0.00648890954231799,0.00757321346594383,0.0291595628822614,0.0198181221374767,0.0112220574268483,0.0169652159481961,0.00483240500947413,0.0171908339987036,0.00166229015066215,0.000455270476768681,0.00238048834434826,0.000725541619899472,0.00114620779361877,0.00442082324577674,0.00222277401067022,0.000634152704626458,0.00495764535128649,0.00394002782057064,0.000958709157818895,0.000901521625384663,2.46405226999643e-05,0.00412626008503334,0.00223631327300223,0.000646048550783608,0.00515449748056916,0.00275780704159417,0.00227653697515802
Palm.Oil..China,0.004734626423795,0.00484559189709557,0.00464572912183208,7.23431681129995e-05,0.00147185581492738,0.00120064809194808,0.00747231811919538,0.00158036721684884,0.0176688214132778,0.177741779145419,0.0197140784256033,0.114596208183897,0.298602351420418,0.00661055947300304,0.0107749492272602,0.000225151423408452,0.00842169451795236,0.000210711956611018,0.00242691991498944,0.0138723356255105,0.000690819433157913,0.00664940709611815,0.00516460220871792,0.017422263658733,0.00534055844516809,6.09269456786072e-05,0.000238338705718031,0.0109395566178012,0.0135969444103475,0.00166058151228304,0.00323089137526239,0.000769032534334695,0.00354560071624032,0.00712097421495791,0.000319453402016259,0.0127183014109049,0.000468612405233173,0.00300109691590286,0.000682942461336853,0.000769787304544202,0.0017578605053738,0.0147817679258219,0.00919117725166109,0.0140951751620969,0.00549427378517789,0.00830027794711847,0.0283675470710159,0.0159786411190739,0.0130029997064626,0.017307458726077,0.00393204548382275,0.0190952909294629,0.000815358050007952,0.000475441037100136,0.00188562001909029,0.00108469590201075,0.00119699687409395,0.00336631749051727,0.00124498404635602,0.00485005236960905,0.00561756259662838,0.00581122870548493,0.000875407699725562,0.000410564216384837,0.000152533311426341,0.00698316193408292,0.00344228918899493,0.00139801973772625,0.00807114238418656,0.00468525929654815,0.00504911717129888
Pure.Benzene..China,0.00541570365114771,0.00576543704165035,0.00655148222288886,2.52821787469781e-05,0.00218808433635826,0.00106044445412486,0.0167783843077699,0.000664347513241851,0.000796399848045578,0.0082477021048692,0.00205565662838536,0.00479593061698052,0.00601475649980812,0.270928671079587,0.0782656359798234,0.00816787247817466,0.0743796092718996,0.00667192221558685,0.0144483784957723,0.0307812941783042,0.0101888315505301,0.0160888489238942,0.0516197249421716,0.0111560526267058,0.0217412650778486,3.30855641533241e-05,0.00195656933719078,0.0678295309552539,0.0403905868879823,0.00445803310962243,0.00534987465543333,0.000381807600746329,0.0103888217944977,0.0307453500387298,0.00368319789717212,0.0263926596138321,0.00341242603741137,0.011665358681206,0.00180669058051285,0.00319308388090678,0.00476327600213647,0.0127542035468151,0.00428048401088927,0.00484923961742898,0.00319724612253756,0.00327378299868059,0.0132790580789391,0.00770593051107341,0.00629886853139524,0.00768505792042076,0.00296455546243382,0.00904380252684997,0.00147496428779815,0.000258604549216244,0.00358093928343809,7.19968871474443e-06,0.00198476160187242,0.00149665775897164,0.00244064813378799,0.000454378972190517,0.0072547694936713,0.00435016555064533,0.00608128406695582,0.0060010159887278,4.0511075686364e-05,0.00951167441250821,0.00557715582932722,0.000127395526588716,0.00175661511388744,0.000381267043328044,0.000639691434116182
Toluene..China,0.0073898327117139,0.00890641234952734,0.00624418210764366,9.99940022751406e-05,0.00143437309578092,0.000895928556480293,0.019720822930593,0.00246913017577663,0.00155548627576744,0.00917440736006426,0.00231278257470997,0.0058510582661644,0.0086205395315891,0.0688849878160333,0.238462511997377,0.0105046130740921,0.0376888013962921,0.00459191687755776,0.0166206401374909,0.0273886221281977,0.00566194797979762,0.0141946430864062,0.0225130567649375,0.0111537986406479,0.0138161825052316,0.000886866025592979,0.000450010592496093,0.141877034580493,0.0353167619559617,0.00587472918961329,0.0059982688222101,0.00310223870031441,0.00982226812548523,0.0394195855602123,0.00324712085944453,0.0172817657573722,0.00345928768427676,0.0124963897612401,0.00232736169810467,0.00437605561133673,0.00546808594212441,0.013210752637582,0.0058866253198721,0.00679976221845678,0.00419808714586853,0.00352268068290763,0.0129224040903384,0.00872532850445085,0.00870620417828658,0.00926874893712835,0.0057881989387558,0.00751324273057704,0.0029797726570904,0.000443983289937792,0.00444381161130446,0.00080207228341936,0.00500965445164473,0.0022584699466816,0.00152863193739909,0.000387457252474917,0.00960319647293128,0.00831625336895669,0.00578036118461779,0.00399412135493503,6.45165486907123e-05,0.0132650590361836,0.00975186399777176,0.000249522330882261,0.0030084114511373,0.00164607054708072,0.00236423168420995
O.Xylene..China,0.0100727595444046,0.0101101776680528,0.0129945410232838,0.000106928369441098,0.00253686939613061,0.00356086887754849,0.0128396129417183,0.00970568809351808,0.00144740446395524,0.0014907152869679,0.000402972545988031,0.00188199710991898,0.000424598981711369,0.0169948115149228,0.0248328981434359,0.563732763547141,0.0117467762608555,0.00793144723411556,0.0100164948983966,0.0059414373470702,0.00633671178744905,0.00851708491234737,0.0191984910657356,0.00152162238242798,0.00978809995403937,0.000700101918198779,0.00304776737036206,0.0215464591435227,0.0185773046324288,0.0051898768339419,0.0120960083005649,0.00657884191555611,0.0218116384984953,0.024789395913342,0.00948158993590579,0.011480588705569,0.00794509805589193,0.00500880514994734,0.00701925627836159,0.00819380803176544,0.0103440487897934,0.00854722584159926,0.00466966658804138,0.00242829013679555,0.00470165688357146,0.0032012223744805,0.00669847853205854,0.00145083692736901,0.00569167471415512,0.00239478818966384,0.00218400910929543,0.00162562929595027,0.00293583468892842,0.00187600666552006,0.00661254898234453,0.00228222744642096,0.00105731016669633,0.0053639988113201,0.00141920353651912,0.000133428451183352,0.000161945704429246,0.000552002283121348,3.95311192315563e-05,9.56599790357565e-07,0.00404291867235162,1.13879308038106e-06,0.000368964503946525,0.000236303999258953,0.000575345898964831,1.26871478159029e-05,0.000789805111873063
Styrene..China,0.00725724857356623,0.00558292532265205,0.00728124873515506,8.00462341691607e-06,0.00182305814042947,0.00120566816040436,0.0131110947891051,0.00202209552774235,0.00116092079721431,0.0105767558465388,0.00126614263767088,0.00841087791931,0.00846242352264349,0.0823040980122785,0.0473736255356803,0.00624821439539135,0.299856774358618,0.00357179764401342,0.00617820318848287,0.0286359263065019,0.0051340309778353,0.00686159478723585,0.0658479468593056,0.0168938297621266,0.0120729183494379,2.44443871604045e-06,0.00167979613121903,0.0427648282166954,0.0538075035942421,0.0020886716260083,0.00168952585722546,0.00030500432889935,0.00626955073515822,0.0163249250522232,0.000861470074520367,0.0186485301786996,0.00168099716835032,0.00836264513563683,0.00262953425322268,0.00309136615847633,0.00348054718678715,0.0150410420517368,0.00471756521530625,0.00823291219963566,0.00367514605311621,0.00389153245891589,0.0220313750900108,0.0103431384884619,0.013521220005292,0.0124385106760218,0.00623344285442345,0.0140341191628027,0.00237472948838987,0.00016681778548194,0.00271130977632083,5.16471658888563e-06,0.00224483568232288,0.00159918406666285,0.00246522438785633,0.00027143729991671,0.0130435975673687,0.00861291208169071,0.0028073245728899,0.00286055350202159,0.000549583731985371,0.0155492916404719,0.00947853101363833,0.000637745790881832,0.00211499366555714,0.00139842413310306,0.00411356993229062
Butadiene..China,0.00933194759485145,0.00869341936599536,0.00735997876673052,0.000955391631739099,0.00216679223486892,2.66927163245137e-05,0.0105466230716312,0.000593027794982204,0.00111266361588809,0.00373488409037878,0.00153511982203553,0.00198928672915863,0.000502776424630192,0.0175193578095563,0.0136977363311668,0.0100343065978042,0.00847866210763478,0.713194858603913,0.000360292098912575,0.00886792834472787,0.00580952661327936,0.00564989844139885,0.019690196248562,0.00503006837149672,0.00241374317405839,2.11564387984842e-05,0.00407074006594377,0.00716085319424042,0.00304386175064642,0.000111468511877239,0.00881991219299011,0.0139804450916353,0.0165220683355193,0.0105749638399305,0.00841207062008795,0.00410538108979614,0.00553053778422318,0.000843996671308541,0.00140019872949428,0.00468139917461507,0.00639105986843756,0.0050716604222203,2.57467822349816e-05,0.000109169215452675,0.000599950180200213,0.00010084990769772,0.00202999148024957,0.000924979785517262,0.00216502067781587,0.00353428112194065,0.00537312685687746,0.00231196607803521,0.00133982015444557,0.000158654705054962,0.000730821854449939,0.000336973203907751,0.000706000597981024,0.00570886672916293,0.0087672566086471,0.000143151890011788,0.000451394838622461,0.000128038868196137,0.0010048975901908,0.00177047234620331,0.000250651342394975,0.000699536269454808,0.000185137696698684,2.16188905065738e-05,0.000217821865109666,0.000165312245607848,1.53783384184452e-06
P.Xylene..China,0.00361291790893238,0.00257903695343668,0.000838430768043241,0.000718670983007975,0.000794952433981476,0.000297884248694976,0.0203727760959889,0.00207974917639964,0.00162766977173717,0.00351410468263212,0.000781894840078508,0.00296999756694437,0.0042254798580696,0.0209191742351426,0.0282302080072938,0.00637465280305207,0.0102882597258115,0.00026560039270933,0.358750764604899,0.0635408978968856,0.00394368727543221,0.0102627031058684,0.0172398723529385,0.00714230402535982,0.011016391773641,0.000677246373836708,0.00301739855518655,0.0306173402678324,0.0154537574953685,0.00233478038813774,0.00455612350608024,0.00218227790518056,0.004317795604719,0.0341070517172976,0.00168174964320922,0.00873703865198192,0.00297183138083383,0.0126713851132377,0.000295759019427832,0.00180135029995676,0.00176107862318679,0.00737114752918423,0.0017220790570815,0.00200154524249231,0.00168669811958548,0.000326079131781655,0.00611187160041447,0.00316891862369778,0.00361316811419832,0.00382344353863975,0.00047308806168335,0.00207309762986586,0.00147313201588913,1.3619902178518e-05,0.0018560766602049,0.00111846357963538,0.00337205638966959,0.00149574688629672,0.000984692256145447,0.000939915436394209,0.0429396641841256,0.0421131027926903,0.0196050587422897,0.0220425412782287,0.000236179063141887,0.0587422165525712,0.0523115216948333,0.00169482583511505,0.00245366672890537,0.00246475258765542,0.00219958473295041
PTA..China,0.00495040229913612,0.00703460761665899,0.00329561427252785,2.66606120506367e-05,0.00146969979329957,0.00069380882699831,0.0161446971535399,0.00296322585065218,0.00493326213582566,0.0163639796752583,0.00500000889048525,0.0121280306144273,0.0138092778187769,0.033751568853101,0.0341188967113085,0.00313176012354958,0.0283771426416324,0.00370345218626047,0.0507607596679368,0.297148072128074,0.00497066536563277,0.0116685906505593,0.0177224229855841,0.0145266543709837,0.0205209097929525,0.00124590071388655,0.00278032560559603,0.0399061724604713,0.0512227951564831,0.00213426678873152,0.00419204362741189,0.000399932870935709,0.0038761233414607,0.0483454381338956,0.00151354868679933,0.0251903465519871,0.00319507456795333,0.0177214015700176,0.00138557109918341,0.00163349843426353,0.00264638949633661,0.0258195369561513,0.00644262935898684,0.0059415635872919,0.00745184370349318,0.0032143090012147,0.0157344082849609,0.0147949572256263,0.0111698704596896,0.00966494103665729,0.00476608413454274,0.0132681610485536,0.00347763099899135,0.000965633909364399,0.00288468810062761,0.000848206118972615,0.00304799140480404,0.000829330394103882,0.00178111580962518,0.000232474662180058,0.0109357166551944,0.00774715347057033,0.00187441742722246,0.00371378339761506,3.79159750738149e-06,0.0117520455533313,0.00826178845773061,0.000153440646721929,0.00274739573859795,0.00160607724506334,0.00226601347198248
Epoxy.Ethane..China,0.00624216991139693,0.0159268776336404,0.0120525701845515,9.03409982389859e-06,0.000536966515235546,0.00198685460644696,0.0229637997471203,0.00222933558919724,0.0015302278541651,0.00167846444822272,0.000851157957760574,0.00226562862516739,0.0014690638565931,0.0238801222719739,0.0150721776455327,0.00713769732717477,0.0108709092888036,0.00517249395020213,0.00698763501898742,0.0106105707425364,0.634990824039215,0.00659986067223005,0.0232157776814584,0.000981820590940094,0.00517221909002658,0.00374552363858624,0.00234698069671291,0.0116426212015097,0.00854435986129443,0.00877194877832315,0.0115723158110977,0.00405115776470779,0.00738247052175193,0.0165135297851625,0.00494713253662401,0.00648598331279165,0.00501068406116255,0.00315455242741398,0.00592745929223743,0.00704659251520546,0.00706141688516136,0.00946018055835196,0.00035716344439023,0.000560355342272149,0.000333533105763104,0.00202131808238657,0.00236415734616707,0.00212289289517387,0.00233612158111767,0.00145792428406654,0.000365722321946341,0.000585636571207949,0.00311360525901115,0.00314455412994646,0.00517221966246584,0.00136163320231563,0.00458547430383031,0.0052564528381844,0.0167010865497036,1.67533104842107e-05,3.60252912128395e-05,2.38610468224513e-06,0.00106098022104949,0.000980194890129224,1.17960310052503e-06,9.09001377876371e-05,0.000131909749158979,0.00148629069300764,1.51712971410926e-06,0.00021866118143162,3.41817717955174e-05
Propylene..China,0.00573459340771486,0.0132352616454719,0.00233210913737136,0.000168226164031982,0.00111328044843708,0.000739617098314778,0.0211161576645532,0.00314609203374959,0.000799955274341408,0.0093239554985413,0.00204680346610074,0.00788360985006446,0.00936904729459342,0.0249372964780527,0.024984495229652,0.00635667605760609,0.00961639873831002,0.00333307295525013,0.0117510820687483,0.0165169534766858,0.00437300223828306,0.420738621043223,0.0209285134287629,0.00939373362529665,0.0554674776292787,0.000104478493420718,0.00189633243036442,0.0262894647160439,0.0207650997123145,0.00971078867415135,0.00722449113374191,0.00188237188429125,0.0196104970691043,0.0231144241550415,0.00890551945666633,0.0246576969954294,0.00481747384958134,0.0131670049151098,0.00215167780954499,0.00735527636282943,0.00905896012397533,0.0178399857298655,0.00789832564947571,0.00795681320939389,0.0029585100401374,0.00713478540506835,0.00914064192864224,0.00493502159106865,0.0042746079438117,0.00878402610897126,0.00421981000945219,0.010321447193152,0.0031719932527135,0.0015356424842695,0.00417396671216586,0.00170533108776562,0.00203054154809525,0.00427436117447188,0.00342746594034677,0.000157606577861567,0.00222212195350991,0.0011701169734705,0.00316418482589805,0.000423053935434483,0.00150242567466036,0.00129101088149194,0.0011342217043169,0.002887208910415,0.00379285080371932,0.00441254023078824,0.00594179078552002
Polystyrene..China,0.0116967190775341,0.0107927502332254,0.0100695399768572,0.00021227393166545,0.00163727042886544,0.00278148879750932,0.0220100855919852,0.0036397227751718,0.00297101774438783,0.00699472717245023,0.00333051069038162,0.0063648866137226,0.00570936502281795,0.0628908436349437,0.0311634068839765,0.0112415034274639,0.0724876054312508,0.00911323183270774,0.0158552329932105,0.0196868190631335,0.0120683074091243,0.016419373401542,0.33008863935662,0.00790674892544663,0.0250197835193966,0.000855285338205896,0.00284070602762769,0.0254985078148822,0.0338830918534425,0.00535086834334796,0.00944415789838429,0.00348958499261061,0.0191566696573338,0.0272089626701237,0.00723681946983281,0.0256982012655903,0.00656098402018271,0.00955000925151791,0.0037326114007668,0.00484364318811009,0.00592452589364831,0.0163049238297099,0.00259405349060427,0.00271148741841124,0.00185039757098022,0.004093907521006,0.01512027232706,0.00597882735047963,0.00793103721328365,0.0060555370507174,0.0049332886388818,0.0102559985597802,0.00378692757001342,0.000546206070236465,0.00667073977973277,0.000543809426019725,0.00293739158601009,0.00373053916345974,0.00698758198603841,2.28669742166741e-05,0.00058780463405445,0.000412207001603253,7.04241545446521e-06,3.3403398594701e-05,0.000517100684372994,6.75535146493166e-05,0.000227674073344782,0.000278740800576942,0.000594629597410694,0.000293029658587887,0.000498537673710687
Natural.Rubber..China,0.00553314958434033,0.00826059708571006,0.00531421187558647,6.68131345880279e-05,0.00194602300806286,0.00100343345661067,0.0158722296270257,0.00179821749218566,0.00563656937812409,0.0242166547576435,0.00697067290783836,0.0189388135469812,0.0202574185776681,0.0142775501427922,0.016221262509196,0.000937101119523518,0.0195542668940671,0.00244860385919376,0.0047854667789785,0.0169670448902726,0.000536806210253307,0.00775137424131874,0.00831610981898451,0.347178518095383,0.017553739186277,0.000708999587296374,0.00104736241265872,0.0194212711924284,0.0209466379435039,0.00100534240639476,0.00222413943088127,0.000744815347608421,0.00403605517081711,0.0120085814021117,0.00156689398368362,0.0205565731288074,0.00233597626124996,0.0123507878560107,0.00100320157821008,0.00127392310858664,0.00161428939664065,0.0384410117238662,0.00769432353284195,0.0126053494738197,0.00331510776076151,0.00317684938105657,0.0543512978370001,0.0384288581165252,0.0236272900475737,0.0349155570406553,0.0199422778809585,0.0232442769865456,0.00163964757435158,0.000296560283369705,0.00562015041790735,0.000115490117047043,0.00205412259293052,0.00444588497930911,0.00316174639575565,2.98570417942154e-08,0.00795108687865953,0.00875913894970392,0.000665408284389023,0.000472282150601859,8.75725172677653e-05,0.0126742782692162,0.00868558640022878,8.12443520223999e-05,0.00459089261703428,0.00208362969937041,0.00168554949669358
PP..China,0.00887333775310707,0.012807433129105,0.00370404136426232,1.80692182068277e-05,0.00250272950610936,0.00139518149382383,0.0219528138261709,0.00773548958532637,0.00177519360170786,0.00874293622764345,0.00401583239467941,0.00810326195336635,0.00628353465454143,0.0281636083116202,0.0203136172282521,0.00609996633648439,0.0141394610051705,0.00118900908743947,0.0105397293818127,0.0242610778632375,0.00286161881287317,0.0463157131835569,0.0266290264572204,0.0177631144982014,0.351319550940197,0.00154457715344525,0.00236505592870314,0.0233368394352628,0.0326827959689984,0.00563420204633777,0.00416607264327153,0.00428551213187236,0.0119061667605516,0.0189626828827208,0.00222789941753181,0.0479419471806287,0.00472350346478054,0.0203230798402836,0.00122175791128155,0.00652582629736666,0.00818876495455636,0.0200383138937245,0.00343903550352331,0.00529135132057661,0.00478711398513733,0.00790239587376942,0.021496669568424,0.0166738394804514,0.010897615612645,0.0143670539645534,0.0105337250435504,0.0154901467825769,0.00501144238596991,0.00267668999850096,0.00517435354494921,0.00135994488223583,0.00235499878715133,0.00344771961927199,0.003469559460932,4.63963592114511e-05,0.00212538954800491,0.000117021530874959,0.00249282500195725,9.18137465967799e-05,1.26305252000776e-05,0.00221880324475206,0.000507783942752423,0.000851406411347706,0.00147656868165808,0.000405712695389656,0.00169964677260219
Causticsoda..China,0.000123676729512815,0.00331115177333807,0.00171264806548585,0.0023368566097043,0.00906512244317144,0.00796099222960385,0.00785326817054403,0.000735777495875974,0.000522817605706839,2.89208128007192e-05,7.16335314448906e-05,9.90477170500377e-06,0.000157360313029319,8.40676723225264e-05,0.00286957827644724,0.000960484024584823,1.56260708324979e-06,2.29422768813665e-05,0.00139909212314179,0.00323523878971412,0.00456191561188995,0.000192051041512654,0.00200393026394251,0.00157941148522183,0.0034002389836922,0.77339641478935,0.00153090104825284,0.00207919284065074,0.000354123727994914,0.00395517885314081,0.0166860364832088,0.00144817242282289,0.00310464814338784,0.0037445990548644,0.00269932566715254,0.00714640089202609,0.0202885822356287,0.00331798480964622,0.00450275774463676,0.0183504493647693,0.0219964845693101,0.00371607883650824,0.000665258975824562,3.11320939245641e-06,0.000260678691207336,0.000304116997680903,0.000826724538154589,0.000100576573597184,0.00349562269027379,0.000416496899257599,0.00205503033170526,0.0015585111415549,0.00255892251951017,0.0226371023552606,0.00178468145920331,0.0124078712389435,0.000787219807571779,0.00155118901908238,0.00340972217007557,0.000124107637330592,0.000925825767032053,2.53316055835341e-06,0.000114332559763936,0.00063736708112903,0.000101904413829995,0.000217098207387426,0.000134810322660862,0.000283874974141022,4.64948565178485e-05,6.82041880744772e-05,2.63302157001362e-06
Potassic.Fertilizers..China,0.0304891054741039,0.0416179951341896,0.0178113340622959,0.000191560173365798,0.00622887644761886,0.00431161172858628,0.0203637445628351,0.0170167839969459,0.00115786193129735,0.000448413751142797,0.000548256173041071,5.2345430817367e-06,0.000482912001855427,0.00438496592844217,0.00114142582267278,0.00328698971142526,0.00340422373701472,0.00347020374270765,0.00489740395252733,0.00568732462454365,0.00224714902141119,0.0027402607962569,0.00523221427231681,0.00183414617651217,0.00409287896878502,0.0012034686229803,0.607980717882893,0.00120593935091805,0.00142255876062992,0.0103768781097066,0.00446069236785675,0.00711785045342179,0.0065796870544135,0.0106742068928318,0.00129452100449573,0.00459925142493062,0.0146598469011345,0.00159920221145481,0.00501036934102382,0.00976805861030478,0.0125438520056007,0.00544608747547276,0.00696612573286349,0.00763132991256482,0.00456518830154007,0.00895534564042906,0.00587191952329486,0.000853748785633159,0.00601858649320601,0.00572541154327859,0.00463206111177448,0.00569741788036203,0.00821096305629535,0.00322219120174158,0.00127769126069036,1.87328504742897e-05,0.00364793871500724,0.0162072514141441,0.00625736507767502,0.000657317377825893,0.000265101429736701,0.00204295593218165,0.000243331451122395,0.000119738266451524,0.000107082172653409,0.000950906719522076,0.00113029768855742,0.0018236811398942,0.00307571385398269,0.00204302257405848,0.00274551768799374
Xylene..China,0.00830449556327533,0.0089997455342459,0.00542646893763007,1.51126261990704e-05,0.00145419323813661,0.00118805755552522,0.016835326044948,0.00310434359248022,0.00381297715271265,0.0117301975828894,0.00314513167445082,0.00736746028591986,0.00846074402872686,0.0576993359361435,0.137158504095813,0.00881270180977318,0.0328880329801013,0.00232570897027894,0.0165896699431386,0.0309635329097053,0.0042292024728374,0.0144376449644847,0.0178108462849138,0.0129088530724897,0.015341161623966,0.000621702229527649,0.000459417098280717,0.230588163454117,0.0361186923910245,0.00600301312670904,0.00634257370098467,0.00282282997734182,0.00925718833611652,0.0340360697077976,0.00235287031746478,0.0147097969582722,0.00439526107093393,0.0115582065127295,0.00193894861837463,0.00394378088175949,0.00508831719072589,0.016498087352379,0.00735422062388902,0.00871058609705345,0.00426065583252882,0.00485036990319067,0.0158713579903721,0.00884373684981842,0.009244910320614,0.00952258265333145,0.00576990299510051,0.00929852107909061,0.00428602098631585,0.000246916955519226,0.00481294928414108,0.0014081279933572,0.00547950578467483,0.0034102733846128,0.00227607365242595,0.000473257512590279,0.0130264953801354,0.0103237459916576,0.00589817554488521,0.00425953565143077,8.76088506885569e-05,0.02072810060126,0.0117608925083292,0.00110125100750335,0.00461337228427933,0.0017635602414198,0.00257292423445973
Glycol..China,0.0037953114012848,0.00435979947478922,0.00444210079647981,9.55092021507417e-05,0.00120424740355114,0.00104464832968877,0.0122620570972135,0.00236246186653023,0.00312321236842134,0.0168496233411816,0.00322463066573403,0.00995218241443311,0.0123790677178591,0.0404774162540854,0.0402033435342801,0.00895800521009071,0.0487671447360428,0.00116196965823346,0.00934087336958732,0.046852034995174,0.00365887323802979,0.0134167450332409,0.0279032909139732,0.0164017254742197,0.025288436356497,0.000125067317259383,0.00063618021335688,0.0425333121684926,0.271834535457787,0.00283137973741676,0.00493736855050989,0.000732074278587379,0.00800360340175559,0.0268002132754827,0.00328439909253167,0.0408072838944133,0.00263501129452316,0.0196830743734905,0.00124899430506839,0.00192516252617879,0.00299385383819477,0.0252228719325504,0.00684831140265269,0.0100770634524782,0.00413360763578737,0.00356075350208393,0.0258124370877862,0.016063556290399,0.0125714075515473,0.0212702452811196,0.00501493547481464,0.0118232666867182,0.00259564569336933,0.00198952018080604,0.00261900269489057,0.00027376796325364,0.0010798938102997,0.00205320481671625,0.00168877492833485,0.000133466992947234,0.00971768638821895,0.00996274261909357,0.00296059559536665,0.00138404900407801,0.000727844950243005,0.0133996227762958,0.0104881404060127,0.000324191166248908,0.00499836214807081,0.00187359201344126,0.000795214976554876
Acrylamide..China,0.0191087723496593,0.0336759985277447,0.0205855755060686,0.00485582591648868,0.00721303376868499,0.00773801564180132,0.0280139900239394,0.0134076840102915,0.000563613236172719,0.00471288181784709,0.00289024529147942,0.00549265759066274,0.00293862083702297,0.00868520464825849,0.0130079218980963,0.00486455495197964,0.00367778111388919,8.25854117233676e-05,0.00336353953231377,0.00379289916323358,0.00729941366445672,0.0121955519963284,0.00856550605877783,0.0015301023972494,0.00847401906541219,0.00270223622270941,0.00901854025783304,0.0137483098791963,0.00550318165434089,0.528395777828803,0.00264041450034708,0.0429448485045285,0.00143310728170755,0.0111373755917507,0.00393704914615278,0.0164808788092814,0.00903770534183132,0.00698895798360947,0.00296046954945871,0.0114239141022711,0.0139108218649607,0.0072378744056779,0.00607110036356537,0.00467696258300781,0.00218231714408677,0.00842305560028588,0.00824438033543087,0.00130269322637135,0.0045601585956259,0.00292878386110324,0.00369536944237656,0.00557137215999803,0.00798939434427359,0.00493829413345507,0.0019371086025059,0.000363648533375673,0.00338668141288631,0.00841880060977345,0.0049203686422908,4.95415638871185e-06,1.25547161666204e-05,8.67640337981201e-07,0.000398272497795886,0.000197643607636202,1.40465087043101e-08,0.000188795373891145,0.000920453066579314,0.000234085083705437,0.00108008066311733,0.000422870600256768,0.000691461613161216
Acrylic.Acid..China,0.00370228478582307,0.00431041379191661,0.00795649210674728,0.000390315320837158,0.00138574818465354,0.00162391312846973,0.0149039125700458,0.00179089616840975,0.00239324569556732,0.00536414772278909,0.00139643406153264,0.00246415218573819,0.00490989654355296,0.00895317032981744,0.0114100901456746,0.00973649647366069,0.00255321177183867,0.00561164215249934,0.00558386196856352,0.00639536073003792,0.0082696425638556,0.00779163848847853,0.0129827463753171,0.00290698690571699,0.00538094348120717,0.0097900507995507,0.00332924976891626,0.0124788724719516,0.00824048506425335,0.00226749679246951,0.453768047109175,0.0111559703441844,0.203883103627018,0.0137332213804597,0.0179656318047063,0.00840859521504215,0.0101035179680709,0.00782330813421149,0.00747661535970468,0.00380247163553308,0.00639113624646822,0.00939696882648064,0.00388381678390999,0.00116957734915036,2.86443692257919e-05,0.000973245457477768,0.00325390271584199,0.00195488795797637,0.00368383279258117,0.00163857623989055,0.00248566865530175,0.00885757383687595,0.000657254403398227,0.00952338905326445,0.00403489867026072,0.00669089325893889,0.00236059290114057,0.00520653561661678,0.0071711425984716,3.29880552169312e-05,0.000260230324087271,0.00191076774029771,4.60643447404599e-05,0.000530203461282396,0.00093418595578293,0.00059531759133676,0.00115523791241729,0.000202963219473093,0.000186759343456991,0.000386686224822023,1.77696581572746e-06
Acrylonitrile..China,0.0112296329248927,0.00875291335432358,0.0110833081013915,0.00118037467512545,0.00494819569676965,0.00390073210275032,0.0150580198919803,0.00677929889005249,0.00136844961851505,0.00353592420570964,0.00491192830273879,0.0013587351002788,0.00161510816580691,0.000870832864972043,0.00815377551785864,0.0073238928628333,0.000632959505106313,0.0123020815774911,0.0033854318339756,0.000837563507089348,0.00400384738323346,0.00280775270841442,0.00663451241558594,0.00134636117739548,0.0076553705670523,0.00117512462394999,0.00734725074381157,0.00767364079703603,0.00168851652110356,0.051005562858265,0.0154290521963584,0.627575250550642,0.0203175455606169,0.00636758129705525,0.028974363087738,0.00731612940873147,0.00293941746868377,0.00289136258898307,0.00276990077201665,0.00542530225489283,0.00740413171329342,0.00524898755506537,0.0023041131311366,0.00194156205599568,0.00232453781056704,0.00207708647097975,0.0038035659285173,0.000450728912101477,0.00346113652106691,0.00267147314174632,0.00146968631461977,0.00106007777652353,0.0062503604978803,0.00345978612597868,0.00336931821491902,0.00083556877109033,0.00154041789408449,0.00704609575725417,0.012096716337597,0.000343537238390403,0.00213930806578845,0.00219723357249263,0.000273918150966237,0.000600819565726339,0.000344941985430889,0.00262992104862538,0.00145540118283426,8.8175778562867e-06,0.000495063134184517,0.000121695893146183,9.87972913777646e-07
Butyl.Acrylate..China,0.00801043667236859,0.00678353775148023,0.0078539258999651,2.65156035647107e-06,0.00244437995312749,0.00200408810956004,0.0189668170438887,0.00217409526770676,0.00102691593505671,0.00650804117453952,0.00171389416359382,0.00171148381359107,0.00461787487588622,0.014911904606281,0.0160184944019781,0.0150478065625874,0.00813140570136139,0.00900924577198995,0.0045046057129021,0.00507275630048464,0.00452130917961942,0.0181266612977543,0.0225695791242919,0.00452103083433568,0.0131795236554946,0.00156115185827722,0.00420869859385253,0.0156138567503352,0.0114505431835372,0.0010547493719517,0.1747342072589,0.0125903537911569,0.388893644917814,0.0154873579078813,0.0214816214647949,0.013804170156428,0.00831338707486533,0.00709952009432609,0.010425238758529,0.00532428141713337,0.0067189523881232,0.0181482532331937,0.00291468097941471,0.00364115987495782,0.00019172189406507,0.00273332094779528,0.00930671157061959,0.00512049151512811,0.00871428559748449,0.00390371351817928,0.00458837859077516,0.00879935168804678,0.00058801109650853,0.00186354033315055,0.00456517757689333,0.00328018677233766,0.00296074744388841,0.00405349656985536,0.00891034967645535,3.16434934395191e-05,0.000496803816949779,0.000951136603750138,5.66973606333432e-06,1.40667630986949e-05,0.00252333343492637,0.00107992268403914,0.00069647753897795,3.91320465561957e-05,0.00115372222450433,0.000515731447752879,1.45809730854462e-05
PET.Chips..China,0.00972657380686646,0.0113073879204543,0.010150372038292,2.40053305409721e-05,0.00317444555934177,0.00128920755903183,0.0387158849374062,0.00624531586214606,0.00107489498320802,0.00666656026385305,0.00160744331964877,0.00466726060956835,0.00765731069952169,0.0364361444989621,0.0530787767404525,0.0141195344858693,0.0174800605556753,0.00476100237806751,0.0302142743060745,0.0522385239868038,0.00835026341140945,0.0176399930787349,0.026467268210161,0.0111062276800842,0.0173310619407455,0.00155464373100961,0.00563733081854322,0.047398946447958,0.0316559659641701,0.00676785800412442,0.00971776116314713,0.00325788988574657,0.0127871867257617,0.321090688274264,0.00577394530910255,0.0130205518562466,0.00814966102825102,0.0170460972525189,0.00394257125499063,0.00692101714284043,0.007435197748547,0.0224530557889594,0.00333544982194632,0.00401358832531566,0.001921086789052,0.00388960176788413,0.00849725439309962,0.00605489156094971,0.00419113739669626,0.00432006960251734,0.00126840040111053,0.00693296918961218,0.00362826648011187,0.000564127097000982,0.0037723044409818,0.000387040564211517,0.0108452541894445,0.00425505262378514,0.00629720034867647,8.50608479259952e-05,0.00132346805014278,0.00155202394586376,6.66095309479386e-07,0.000233072531105362,1.08079157960781e-05,0.00206518336364967,0.00126476921478386,6.67899007337561e-05,0.00149594037857163,0.000340417804271695,0.00124794240034885
Methyl.Methacrylate..China,0.00718667598721614,0.00321685680415104,0.014853953432797,1.78330323522421e-06,0.00258853034884077,0.001346100023273,0.0268583848470822,0.00393480562288384,0.00117262926961923,0.00221979241116673,0.00364307248804628,0.0012281624016771,0.000677124553431255,0.00843926078075539,0.00847135596404661,0.0106466053709597,0.0017595787146473,0.00746617165281495,0.0025777482296525,0.0031593215130776,0.00493161721779153,0.0133983135135942,0.0138777936458301,0.00285686706344826,0.00401417706417212,0.00220930865540118,0.0013477910245287,0.00632268826721659,0.00763344325889192,0.00471644486148033,0.0250617762324281,0.0292247869725977,0.0349647884157207,0.0113827767735035,0.63299935018689,0.00682286647440437,0.00480708412794707,0.000985251422698295,0.000542579992935136,0.000885370606252861,0.00235493089203816,0.00332721076613019,0.00190694669111697,0.00167843700529614,0.000321646830033756,0.0012148854502805,0.00387993319843398,0.00182367544129199,0.00321835395348642,0.00285709728995473,0.00196598865050485,0.00564369485520863,0.00501231129428131,0.0019257033846247,0.00869825426459587,0.00213137435160033,0.00078166635785279,0.0046515303724416,0.0112405003400022,2.95599436641481e-05,1.11053255947514e-05,0.000647277907842418,0.00481324914943703,0.00549573455873016,0.00217955904058826,2.96873815433778e-05,0.000291290658905475,0.000804294490852738,0.000343693052212088,9.28893854740552e-06,0.000278128665800117
PVC..China,0.0085556867033191,0.0123304441793131,0.00810281231037263,0.000739490784155714,0.00182508281802949,0.00185975327278952,0.0204955874842711,0.00599298638150901,0.00149006821863269,0.0177478166827645,0.00453300361946116,0.0135012588212687,0.0124679434613492,0.0284821535801624,0.0211753863680715,0.00596169256939698,0.0181964913231558,0.00168509336394053,0.00645570530167894,0.0248105867849128,0.00299010935614731,0.0171561101134942,0.0227903420371528,0.0173331129451284,0.0399477243625073,0.00270497910798565,0.00221450181319044,0.0186390344933187,0.0439441370067837,0.0091306085000844,0.00542460637193575,0.00341266976715023,0.0103909167848822,0.0118708105752565,0.00315531195095323,0.292737725717355,0.00821275938627466,0.0237523132477101,0.0025903098811126,0.00662217762224891,0.00851925615152203,0.0372829083165902,0.00786909790133567,0.00889202103707283,0.00477303068584346,0.00405213062213644,0.0272542317758452,0.0156953742958619,0.0270156654675807,0.0192203468895967,0.00932050209962442,0.0213360118220716,0.00258452882197678,0.00853622943684142,0.00474647790865516,0.0015663772879339,0.00229527087167954,0.00281142546456999,0.00401512208714238,0.000313311785278454,0.00267584308194908,0.00294505833565238,0.00185777304160319,0.00051438914769618,0.00035567614613211,0.00313545989907597,0.00361705132045707,0.000228431446420823,0.00383141186591126,0.00043571683458647,0.000874563082129455
Urea..China,0.0262689512779447,0.020476918902653,0.0142969501001333,1.69559893317268e-05,0.00541480483818183,0.00343530256871692,0.0180335956988039,0.0115777966320756,0.0108859479012813,0.00232040937512975,0.0091955989389888,0.00325016372767708,0.000819260810725827,0.00656953788210377,0.00756814560634633,0.00736013358918767,0.00292496773193052,0.00404966288547765,0.00430736082518955,0.00561265567858415,0.00412087349284373,0.0059795251625341,0.0103800181835308,0.003513785867681,0.00702136630995869,0.0136996432191058,0.0125921341207521,0.00994806463260534,0.00506161781717717,0.00893220230713764,0.011627823178818,0.0024459928008936,0.0111636903904069,0.0132547501594631,0.00396586722630753,0.0146510960857577,0.522227468952629,0.00208016882004702,0.00965476993327937,0.0227149013794466,0.0262695466890356,0.0100318380404492,0.00874370082246068,0.00267713510170846,0.00131306981545922,0.00542649978905511,0.00748493060192122,0.00455253405085393,0.00495097213693124,0.00475177873893376,0.00630679161652442,0.00850977294940078,0.00716567227711028,0.0116494241959676,0.0040561376742068,0.0135120548838861,0.00203309001067358,0.00600932005442021,0.00281934296285253,9.24072756278256e-05,2.73286596615959e-06,6.21687731612417e-06,0.000279321296832072,0.000221954630662547,1.48617087208865e-06,0.000165573000832575,2.65533670949386e-07,1.32440275607264e-05,0.000525326466472546,0.000873861821192155,0.000133116620305127
Methanol..China,0.00200216582644479,0.00836925544185007,0.00216087202740659,2.4501139677103e-05,0.00111128821423116,2.41186555812736e-05,0.0192479226341003,0.00328865376901983,0.00579569651143322,0.00774649052496194,0.00534477488596784,0.00418964012578146,0.00463656933356124,0.0198528794143642,0.0241639053248654,0.00410075125824255,0.0128666552461688,0.000546179123146634,0.0160518358010446,0.0275222080650292,0.0022928353340352,0.0144436575531532,0.0133529056581363,0.0164189122885572,0.026698678773738,0.00198004383391621,0.00121399288559997,0.023115547978472,0.0334183284209726,0.00610457813292904,0.00795717832207845,0.00212637234384602,0.0084255723596807,0.0245019030217015,0.000718366997623951,0.0374480996227922,0.00183840603230415,0.461532794792944,0.00344918109829915,0.00558520203988854,0.00514202693420668,0.0298321173297504,0.0024532961619326,0.00177201137968034,0.00173826254473524,0.000876650307507801,0.0135839403746375,0.0116106141353894,0.0076274900436794,0.0115411877800176,0.00584590171250164,0.00828664712433181,0.00152126993856709,0.00134572427904901,0.00370206368176468,0.00255784428019106,0.0106215004407179,0.00443078644104919,0.00348430625379895,0.00062441518135707,0.00226993586559072,0.000129313891626896,0.00107481449578839,0.000257123562671241,0.000123490686934513,0.00188594891939974,0.000968811721425048,3.21242342065726e-05,0.0014401866300647,0.000370642831289952,0.00118063002258969
Metallurgical.Coke..China,0.013441629886295,0.0264174562406272,0.00991373421736942,0.000136869734586106,0.00384272319660023,0.00269618874353102,0.016368455738949,0.00341810898224386,0.00208913445261536,0.00107351819867988,0.000715466101080363,0.000923317554416287,0.00118792097993243,0.00346894353767075,0.00507690811369606,0.00647722769521327,0.00456185385544411,0.00102129878882038,0.000380372745789503,0.00242542233501545,0.00485593060658587,0.00266033423291567,0.00588238630744636,0.0015031651659588,0.00180906504522666,0.00302864080068097,0.00428697821617322,0.00437441061561645,0.00239012160208479,0.00291455732073165,0.0085712165761457,0.00229598869052409,0.0139451516246937,0.00638738628464202,0.000445894230220646,0.004603035974465,0.00961730875303138,0.00388762864095314,0.520201189975494,0.0965543387925895,0.123261352756288,0.0123331267661471,0.00219342876056069,7.40649949717942e-05,0.00125013576401118,0.00185205031062714,0.00198054708440512,0.000924223472609735,0.00519552823141969,0.00212022946151076,0.00510856434407973,0.00428189823748392,0.00365894871930692,0.00823675348882298,0.00158725717436305,0.0038007226987304,0.0042484066293534,0.00389655769546015,0.00287494969605316,0.000523189317627786,0.00206894852897151,0.00109122349594607,3.83034988131932e-05,2.04972197639612e-05,0.000383998900453241,0.000316815909437135,5.12321381698751e-05,8.43172192973658e-05,9.04098059047051e-07,0.000209044261002178,0.000481498571498405
Hard.Coking.Coal..China,0.0078500416303314,0.031074292968748,0.0124602607389806,1.48274066871651e-07,0.00412168307899425,0.000963971662465945,0.022670177144664,0.00942521920233922,0.000667299435379723,0.00241725721751191,0.000214546371719056,0.00245379609809648,0.000920768723985774,0.0042058736175358,0.00655168726892262,0.00519260530010537,0.00368158954144432,0.00234498610785624,0.00178249524281597,0.00196240024207681,0.00396446430861256,0.0062453879281245,0.00524220945132821,0.00131088071463569,0.00663599414856591,0.00847651535153813,0.00573972724073043,0.00610668497190794,0.00252976118655854,0.00772375330250734,0.00299367655248829,0.00308838144245247,0.00489102706241384,0.00770043071389359,0.000499683074518123,0.00808155503091051,0.0155390315146917,0.00432323781261443,0.0663091188009321,0.357250465777294,0.288472049837967,0.010291137529792,0.000319036113932415,0.000646336052107437,0.000294889243041906,0.00132328975969218,0.00367009650098049,0.00169272573672642,0.00303171544201515,0.00299876109219538,0.00455641057833358,0.00456936414615524,0.00421366283963086,0.00814540044864345,0.002914623926139,0.00219248005732641,0.0030897471397116,0.0048738006767844,0.00477709332871603,6.98205545257539e-05,3.39811266239589e-06,6.51159002492915e-06,0.00015586442709971,0.000127969361667681,0.000122802207703478,0.000113189458280453,1.91177684989399e-06,0.000359069585165277,0.000816276955597641,4.39152024460467e-05,0.000493564063327489
Coking.Coal..China,0.012100767728955,0.0344153867725936,0.0122362924986342,1.28893636262541e-05,0.00550533732076043,0.00174475189075786,0.0217311491718966,0.0114181389445984,0.00125702247991324,0.00318785346586617,0.000602495253838659,0.00385561563652071,0.00193980280289648,0.00578980436540808,0.00755207837533929,0.0060461131117375,0.00382380747534277,0.00295272951954423,0.00161372164891575,0.00293396602145473,0.0036642355671746,0.0070945516073725,0.0059140093687892,0.00153210148251118,0.00768024493084152,0.00937152153750898,0.00679829646058921,0.00726829985815544,0.00362887137421527,0.00867465945157445,0.00464091002522253,0.00388747233566691,0.00569284113259759,0.00762998696994544,0.00122584027605298,0.00958919092712113,0.016574935633219,0.00367105393437864,0.0780754636741468,0.266066330882938,0.329502704643224,0.00999421737898685,0.000939755094233705,0.000680157399375962,0.000360566571999986,0.00158206982685892,0.00275082851079857,0.000896748317164955,0.00238625075169976,0.0027440641005216,0.00536597342323387,0.0033785479965994,0.008377505927495,0.0110334277033822,0.00334923521559983,0.00189155644536474,0.00335611366057022,0.00552342080621769,0.0047958840690417,1.5347465316449e-05,8.47516975333693e-05,1.39972232235758e-05,0.000169536182248635,5.04594755775109e-05,5.8702909798929e-05,1.65701129816414e-05,7.74044803971989e-06,0.000291285545929714,0.000530284650076423,8.14993398774918e-05,0.000370255828406062
Hot.rolled.Sheet.Coil..China,0.00657922058155882,0.0150502172107785,0.00863885153591522,5.49497761487527e-08,0.00414251040607696,0.00433317038990643,0.0129579177298108,0.00603730946970719,0.00851677288865298,0.0145458251387855,0.00549373098560931,0.00992577618451554,0.014125125412563,0.013419293870574,0.0157945169236195,0.00432636084731164,0.014309084655809,0.00202914368181559,0.00550790215705259,0.0247904608527678,0.00425111459833335,0.0120990970230031,0.0140948037513478,0.0315945955902201,0.0162753258735834,0.00137105097213179,0.00255602821466105,0.0204051241397675,0.0264758364836317,0.00390861181657769,0.00590914588119507,0.00238660513940186,0.0133160532218036,0.0199534768247448,0.00149985019887394,0.0363414226868037,0.00548140178415519,0.0184438826018856,0.00676507616775264,0.00821980311065945,0.00865487189677301,0.285345374248447,0.0111331948068354,0.0139406146235852,0.00381006075304756,0.00692542666839451,0.0455978190418755,0.0289369490281809,0.0272124843276631,0.0336194886456935,0.0190349283009692,0.0284603031718496,0.00283090360744828,0.000769124722344502,0.00362051869433423,0.00467430895907526,0.00206481403184293,0.00430235319629129,0.00694836445830228,0.000282641319192395,0.00206695378061642,0.00114759368448427,0.000540324758655956,0.000315314466854962,2.0505103789013e-05,0.00223810593325732,0.0013259022791719,0.000387698331920068,0.00513481011990627,0.00281129932361538,0.00397539576244239
Platinum..China,0.0111222023145935,0.0115096341913159,0.00785786893287467,0.000916986188652877,0.00267210836823057,0.00281494522484777,0.00638873788357666,0.00396344929855806,0.00309936459860624,0.00834355304661457,0.00358870451231324,0.00752132002652073,0.00836601729732892,0.00424618394423701,0.00666798853514713,0.00223444292920079,0.0042550509107691,1.06767560482922e-05,0.00024239487623416,0.00586172309059271,0.000153113654763219,0.00510611695655789,0.00212335964099182,0.00600232462987966,0.00264510050924597,0.00023237842735965,0.00310419790506701,0.00861734485405298,0.00682148179435853,0.00310242399822543,0.00231213276390179,0.000991108820561968,0.00202686320204913,0.00280627940978374,0.000812654621556037,0.00725681831871291,0.00452299374265619,0.00143704637052923,0.00113897029359281,0.00024138095082588,0.00077030020060167,0.0105640886284953,0.270930593498664,0.0948256514862918,0.039106416905185,0.0752605459074786,0.0324263096964528,0.0181060939211009,0.0168930062523812,0.018534616057188,0.0127243826263226,0.0182653090421535,0.00657719839959855,0.000733721551450086,0.00275801927006089,0.00096996520378104,0.00331032596926056,0.00166376019541582,0.00143409347729439,0.00016240539346511,0.00839433404041016,0.00818632719265836,0.000599293570070565,0.000720736433933008,0.000376635862986609,0.00568109118352807,0.00426814938678552,0.0171682981652442,0.0601278084935752,0.0835811827807244,0.0217418954165069
Silver..China,0.00873028606674535,0.00840236023860731,0.00667291892317448,0.000580178473127711,0.00221102356350562,0.00138089043468279,0.00522926068475611,0.00289473206972955,0.0037727874133163,0.0129912219205354,0.0048436361506254,0.00967414153914056,0.0105881007723,0.00398590863280517,0.00636593951452421,0.000966355244045972,0.00615085997623316,3.43400951151666e-05,4.23797235020499e-09,0.00447893236460141,0.000197972822731102,0.00424264102107317,0.00184283530682146,0.00814538382360226,0.00337888792492488,9.03058086131813e-07,0.00281591753001497,0.00844643834304338,0.0083149615041253,0.00198570196204333,0.000578235226984828,0.000694056740001665,0.00210048360566406,0.00280423639709882,0.000594855237905948,0.00681445762424547,0.00115005890422897,0.000861337685366555,3.19411953239115e-05,0.000405877601885014,0.000463084187194968,0.0109602533538883,0.0782553243442106,0.224341442581157,0.0223977889596058,0.135637628950898,0.0277101386301327,0.0160173884679638,0.013982044272758,0.0180514484112115,0.0113609028883776,0.0159055041546263,0.0031321353364679,0.000151233323645851,0.00268466429198443,0.000471858813258054,0.00100123167175505,0.00199589785749191,0.00152657048763252,0.000594403214719485,0.00659958106208164,0.00697011699020113,0.00131379926300382,0.000582009928274121,6.91589229962207e-07,0.00696665295612921,0.00498766337363989,0.0314063512747773,0.140625223469609,0.04073579815434,0.0178101059090195
Palladium..China,0.00520199895095431,0.00942786173896871,0.00527608929178062,0.000780324064300979,0.00336900635067592,0.00228217806436706,0.0069919316307107,0.00338042638593462,0.0024163948143227,0.00768337027328051,0.00294825795420543,0.00816756862906249,0.00737290829540779,0.00439893111319861,0.00676393227719936,0.00311780052625193,0.00501163489293833,0.000321692251374493,0.000547968944630355,0.00943743694726339,0.000210458338013811,0.00319612811950545,0.00210763500955321,0.00366435092603996,0.00515679244831624,0.000126885024041004,0.0029084054663377,0.00713231907830806,0.0056878246308955,0.00155824209159103,2.35826288540144e-05,0.0014046278410769,0.000184050765581196,0.00232901955472999,0.00020246004895161,0.00609919878820024,0.000938514992825696,0.00147068325615529,0.000911803834339128,0.0003609647002203,0.000444033907051088,0.00542834827131003,0.0555191358295081,0.0394755467793551,0.373999660927601,0.0334465225345467,0.0295569185191437,0.0190748424412159,0.0154859284672388,0.0217743735005417,0.0113916428861484,0.017905595761392,0.00363057142890378,0.000106389578663647,0.00110887891284038,0.000197627161303914,0.00358071507801708,0.00270456142019479,0.00280390021426096,0.0010470488982237,0.00921480861123179,0.00731761449066628,0.00169235327005166,0.0022004157983052,0.000141714021180937,0.00709980930111619,0.00706285364686314,0.0120361566917485,0.0275051330332552,0.0293151399882055,0.11716009768955
Gold..China,0.0209558981899896,0.0157273224594289,0.0139476729167898,0.00151581285698838,0.00452330964535766,0.00335047990760867,0.00701954517286,0.00582029557793728,0.00468254141760814,0.0102507027338596,0.00483665583844561,0.00661504654910618,0.00729770948477369,0.00316774398837334,0.00387267827524854,0.00149084110502302,0.00340607991202304,3.71241135585883e-05,0.000152531307052799,0.00283935356082367,0.000835710776998348,0.00445202225008491,0.00325608880845835,0.00240232948050194,0.00590534471849546,0.000103235087680671,0.00386706380482651,0.00551763606827161,0.00343884412768841,0.00418503524524163,0.000563089287876429,0.000868915531125052,0.00184515929031263,0.00318028630386079,0.000503872733690206,0.00363407204767341,0.00272802829040694,0.000498669279997788,0.000934695667853052,0.000972458191880518,0.00126053658573278,0.00637183453636196,0.0727250040799279,0.15873016667548,0.0225607867008795,0.262535955903622,0.0161140681322265,0.00934623369029328,0.00885090715302355,0.010274452326938,0.00863657551299021,0.0147389357865467,0.00606332219502256,0.000447091261568385,0.00199242444852523,0.00172279084526417,0.00167006011385443,0.00376493275870797,0.00226380388302448,9.95669638639673e-05,0.00100581595682689,0.000830510847167218,0.000286406110603463,4.84297992041266e-05,0.000189257935257346,0.000553059510735886,0.000171162613824796,0.0618355134050064,0.104027304883511,0.0350595923394644,0.0146215950387644
Copper..China,0.010384128569904,0.0107783245417829,0.00800291338093508,0.000303653972574011,0.00183217051514449,0.00215905670030401,0.0111769133454782,0.00559208015832109,0.00561670294984119,0.0232070508775721,0.00550412345199979,0.0201866091827943,0.0197667100740471,0.0101912465774826,0.0112661252509945,0.00247241485432186,0.0152865204347701,0.000592249171873279,0.00207646998646374,0.0110174489575831,0.000774688980916118,0.00452046140767101,0.00953119788362562,0.0325743324539085,0.0127317268479405,0.000222421683876857,0.00200959591654062,0.01431410210798,0.0197580149822694,0.00324651288341113,0.00149206967572447,0.00126108276676846,0.00497945815116949,0.00550642033038906,0.00127537950808047,0.0193719661314562,0.00298226695860465,0.00612409122603986,0.00079219533534611,0.0021375837073225,0.00173709265435601,0.0332500026900753,0.0249283366434988,0.0257008591148204,0.0162798209920674,0.0127712926017659,0.208074304006694,0.0581521011738963,0.0585993586267033,0.0758853655331324,0.0339266202229377,0.0524699098259683,0.00450460567242659,0.000579288883084866,0.00487306572858589,0.000615014557535918,0.00179887289759142,0.00283716802987055,0.00584084381672048,0.000407286536641548,0.0074265410758766,0.0076282540331698,0.000544245454207011,3.95049210828697e-05,8.84112439850893e-05,0.00856856554670721,0.00581706378983525,0.00133433189863698,0.0112029126796234,0.00567965691908206,0.00542082033619231
Nickel..China,0.00636373875581585,0.0081570563938014,0.00565943657627498,0.000132925751829107,0.000525262503136414,0.000643246654878707,0.0104587850772581,0.000872805669933249,0.00795714006116382,0.0183600954272547,0.00596679676082912,0.0189593436274263,0.0153845892234839,0.00817553716119927,0.0105178013962104,0.000740017869520065,0.00991766184557305,0.000372924503678956,0.00108217788408097,0.0143162258442727,0.000961296843647295,0.00337266774711969,0.00520813601135171,0.0318274260089027,0.0136467796618546,3.73931080099778e-05,0.000403772907779508,0.0110259204854053,0.0169916026463051,0.000708891385099547,0.00123875335209633,0.000206512569826223,0.00378569822486465,0.00542220010241601,0.000828402055456333,0.0154166447467151,0.00250663080924376,0.00723351703511431,0.000510860748250896,0.0013624189512544,0.000782543464851102,0.0291594135351366,0.0192270034187752,0.0205295335890184,0.0143198810263533,0.0102363405766417,0.0803607244298065,0.287539082297365,0.0378895060868866,0.0616983259877395,0.0277264664309661,0.0701863888812632,0.00269536840407592,9.71575547491562e-05,0.00404195860660753,0.000654896580472125,0.00499280824852086,0.00045366806210796,0.00253563953432112,0.000755462458895641,0.0115212864473066,0.00746402317163218,0.000163270304918149,3.52542246273697e-05,0.000809829816250126,0.00915183774672994,0.00496202124366427,0.00149817495508403,0.00932239040625909,0.00493494345293215,0.00699570466770783
Aluminum..China,0.00976802948468503,0.0119285454442295,0.00868683534022433,3.82944832754994e-09,0.00185473261625303,0.00303004151143746,0.0111261481920836,0.00209652140311552,0.00414283231915135,0.0159984016573749,0.00617080420152356,0.0113094385478471,0.013190804340546,0.00701290681336457,0.0110208710960276,0.00305823911494983,0.0136520551857397,0.000919514301060048,0.00199542189529597,0.0113837437704224,0.00111437827063273,0.00307743253838577,0.00727786597132435,0.0206141632425738,0.00939580098775324,0.00136907436437209,0.00299853652671582,0.0121097581624923,0.0140077576729583,0.0026141183856202,0.00245906858577506,0.00167054263891419,0.00678742737666816,0.00395374659191868,0.0015400512905335,0.0279538492397257,0.00287167583521286,0.00500591794866316,0.00302526213002796,0.00257051578652298,0.00219362172052707,0.0288869705459736,0.0189061689099725,0.0188784271342102,0.0123983749910737,0.0102118314292932,0.085305897256427,0.0399141334423139,0.302903745284493,0.0638403316761728,0.0211598472092544,0.0460575219008081,0.00357237246376336,0.003348321096262,0.0035829292794524,0.00141336921382001,0.000919167629840501,0.0040356031920083,0.00715278081842854,3.00443558482676e-05,0.00526865537791323,0.00701648792810548,0.00205859152688099,0.000217969216170351,5.90266262394817e-05,0.00539972441353687,0.00461969627037614,0.000397159146642242,0.0108666458923238,0.00426504309260482,0.00435670634769331
Zinc..China,0.0075203914169075,0.00970891952253585,0.00623743670984919,0.00020632889744942,0.0026834623148155,0.00185440157794131,0.0106590285555002,0.00435892923493162,0.00597247866801561,0.017863644435184,0.00581456164784132,0.014815602036524,0.0152129242802988,0.00744228585820221,0.0101964807662291,0.00111503841053144,0.010887859555835,0.00130073517262295,0.0021898856321659,0.00853737116716551,0.00060264771891383,0.00547995805376278,0.00481524162886506,0.0263974591677531,0.0107339952996926,0.000141353190263658,0.00247179756541421,0.0108350986105531,0.0205383957235708,0.00145486930347803,0.000947826264210501,0.00111732881966903,0.00263477235029169,0.00353149852833033,0.00118472556945735,0.0172336998103039,0.00238831988702573,0.00656362768459396,0.0010698121361633,0.00220325650191147,0.00218590490754545,0.0309254667931207,0.017944145846135,0.0211202251217555,0.0150250133185544,0.0102722572502075,0.0957272485874364,0.0563212772579175,0.055320549860615,0.262479866630016,0.0615198952002452,0.0467554107114434,0.00421824608871774,0.000973730933142262,0.00502543953515929,0.000517585250101305,0.000906510359612077,0.00260860797809564,0.00269619422600331,0.000417131400709257,0.0045082628844882,0.0049270841706732,0.000448145736200594,2.70225906510576e-06,1.60295533278156e-05,0.00334018198454452,0.00229896214931759,0.00193680361379891,0.0102972256022064,0.00611641789479303,0.00622402722028108
Lead..China,0.0098170879158097,0.0125835033257712,0.0133708952304855,0.0010769887257505,0.00232527607382357,0.00243984143102482,0.00653495267458365,0.00919159538290153,0.00310283092740247,0.00506500442852929,0.00364023035046257,0.0061318735530623,0.00502167057196979,0.00417315909709341,0.00925729776244027,0.00147756678159243,0.00792811486073811,0.00287332558600871,4.31193955269073e-05,0.00611557610287296,0.000219659488779251,0.0038251323653078,0.00569996118465921,0.0219072501908595,0.0114352485519644,0.00101340264037372,0.00290569766446431,0.00954398773402893,0.00703567310865,0.00266725460853679,0.00208917718514164,0.000893150800188494,0.00449981857049037,0.00150658836536531,0.0011845235289756,0.0121430159035467,0.00460590227876636,0.00483075367702279,0.00374535920836074,0.00486425123044875,0.0062109135348454,0.0254417135395548,0.0178902096200191,0.0193138693394474,0.011372343268411,0.0125463885509297,0.062185351903906,0.0367759239162944,0.0266424300273341,0.0893893007305734,0.381387056293584,0.0352207629263197,0.00365288750138548,0.000342402724146606,0.00785797724710249,2.89113955588421e-05,0.000912804770313665,0.0030290911650234,0.00405646656208101,0.000200268850646686,0.00280789696020804,0.00236964707653142,8.61349291718508e-05,0.000144050347740152,8.27955647532829e-06,0.00280810728302841,0.00154077028219396,0.00326540763144269,0.0117464122013879,0.00673342063746917,0.00524708076309363
Tin..China,0.011882228981056,0.0115428044397897,0.00770407439163716,4.3438329382261e-07,0.00253817118528992,0.0024701054484882,0.0125648029585021,0.0045746899925227,0.00857541217446898,0.0194907375987982,0.00799036812403341,0.0158997869218393,0.0177777431802965,0.00927929902634425,0.00875873106540464,0.000801638715532677,0.0130107154446145,0.000901163714629449,0.00110854832794051,0.0124122772452763,0.000256384155450992,0.00681959617347363,0.00863729626108426,0.0186120255255856,0.0122569850586197,0.000560193672906324,0.00260506588114767,0.0112111120103636,0.0120909766093132,0.00293111780477502,0.00542639386261975,0.000469572185860255,0.00628987823894676,0.00600235947981825,0.00247851015437501,0.0202611919698537,0.00452990092498222,0.00499122010677037,0.0022882077014542,0.00355560418347615,0.00285037205680331,0.0277267603085383,0.018746060646312,0.0197091717386308,0.0131606236220633,0.015606581268384,0.0701006927465531,0.067855719303775,0.0422694275817803,0.0495183679029934,0.0256722097250213,0.277990812296139,0.00690530579360984,0.00435363845199814,0.00421929683957419,0.00337943420910674,0.00188752079772969,0.00508972884106728,0.00495612817603299,7.62717073791439e-05,0.00473520780319994,0.00338394059555634,2.11308716353666e-06,4.90791781566274e-05,0.000369851575763043,0.00326701958068718,0.0013670561041476,0.00281601034647672,0.0105953493248949,0.00520793865111994,0.00457498445870686
Chrome.Metal..China,0.0308057985797237,0.0253784917365174,0.0163776175940995,0.00486345629263762,0.00716456919954807,0.00482416552572207,0.0239756672643818,0.022388162026907,0.00255847340231827,0.0031184726576871,0.00202472892622772,0.00314746771963288,0.00155327745597219,0.00309386153573109,0.00710837012038053,0.00296379976583939,0.00450519548605311,0.00106912587567412,0.00230695897543945,0.00665764077769756,0.0027905296450949,0.00429052476919282,0.0065290043695074,0.00268774587381247,0.00811803577582853,0.00188297918742524,0.00768590178120222,0.0105763089836638,0.00543354074174144,0.0086048847330234,0.000824309170503113,0.00566799941096002,0.000860487751630516,0.00643075558371261,0.00450635404346212,0.00502450431121909,0.00780886236021612,0.00187583336193853,0.00400290717793286,0.00671239517400843,0.0144692592486093,0.00564605082493847,0.0138490678343926,0.0079455058005539,0.00537360033712045,0.0131435412795043,0.0123205151406598,0.00533472195297926,0.00671185596230744,0.00914590011035351,0.00545080801351462,0.0141365362453029,0.569102558430102,0.00630973654456965,0.0061827044799264,0.00126159138082869,0.00367936550860266,0.00614000774240909,0.00541114401747595,0.000213155039758714,1.25380794506664e-05,5.53543997236276e-05,6.25518577435577e-05,0.000239096369253737,8.21855462891901e-06,3.07689786208519e-05,0.000331172702321264,0.00130729508257373,0.00323360722126632,0.00185310838128845,0.0028394973549528
Silicon.Metal..China,0.00460497333830596,0.0100240741149563,0.00290095427538679,7.87598576195809e-05,0.00554237268876308,0.00427443521622045,0.00387417689834843,0.00582090740300733,0.00193639829133684,0.00246920315887017,0.000641528162758559,0.00101371556830048,0.0010759110163026,0.000616119324047882,0.00124139703440236,0.00221451081373969,0.000361459260083005,0.000150062299609313,3.64947437014187e-05,0.00215006222875815,0.00325641357956452,0.00242492625096572,0.00109746700716332,0.000561330659553522,0.00501581486140622,0.0192810120682033,0.00346230348840795,0.000752890601169267,0.00479071725270773,0.00611186947626331,0.0138576872131407,0.00361458665414873,0.00321460463016883,0.00115977411077934,0.00202107599579079,0.0191018883365703,0.0148316624695507,0.00196035135696639,0.0104164858906857,0.0149554293344744,0.0219310814245463,0.00192532316852341,0.00181261093586057,0.000461489231592718,0.000182689746300802,0.00117836594004581,0.00184831805196848,0.000243607051334338,0.00726771760883754,0.00244311728570218,0.000587218551952742,0.0103524129659104,0.007264724498388,0.654429558409397,0.00226168457952365,0.0881607517767727,0.00106994876521546,0.00117869486818934,0.00993439588192358,0.00019884047186425,0.000142442479724215,3.4167779764074e-05,0.000393649571733437,0.000119711949065502,0.00102482374154186,1.09952631025664e-05,9.72918276281869e-05,0.000138083398348659,0.000247951431760733,2.65031564687406e-05,0.000116021254813904
Cobalt..China,0.00985156491398332,0.0117701241093107,0.00836267302226666,0.00108817971278708,0.00082247497462585,0.00172308547944598,0.00833932124837469,0.00241590313816844,0.00225268209494567,0.00545712708655887,0.00411524993894552,0.00499965064118249,0.00398580938608739,0.00834229438013939,0.0117631719658853,0.00740466320408657,0.00570731737299105,0.000646864036113454,0.00318778227957306,0.00612712009913012,0.00514184754017525,0.00626247904972872,0.0127571336646193,0.0102189147954912,0.00929744170774839,0.00145669369769293,0.00132661774554573,0.0131766625056723,0.00608169876098238,0.00231421825472634,0.00561317271571715,0.00338911187821789,0.00740978442018812,0.00741632422172151,0.00867438149749121,0.0102353442331223,0.00490300865192622,0.00506350220236268,0.00192613020316049,0.00515014439952066,0.00641647267511848,0.00800957812152102,0.00645115705643086,0.00755422928154686,0.00186459225526591,0.00479074169100489,0.0147840527191183,0.00887369838850789,0.00746695057631397,0.0120861433020959,0.0130063219858659,0.0095811871132284,0.00685800242850515,0.00217163301007028,0.631262053758811,0.000910031799558969,0.00234092949977189,0.00331968310614001,0.00867392811422742,0.000186930678766699,0.000931809907148795,0.000721170728296451,7.05587386024069e-06,9.87917345243668e-05,0.00154840375359234,0.000422160504849532,0.000250076597174829,0.00055361585744566,0.00241679458278804,0.000227930251060372,3.62014169770028e-05
Ingot..China,0.00476405787221974,0.00352576821937024,0.00368080158341798,3.10032522492254e-06,0.0035170996231099,0.00239851031067472,0.000664390369857741,0.0019864134017882,0.0135513104241306,0.00320222400573022,0.00168318372693187,0.00172841895259607,0.0025999682885203,6.05204320277328e-06,0.00239604014582678,0.00289873438461888,7.99508219807305e-06,0.00033830618513726,0.00206512788200175,0.00203958878240743,0.00153537851000497,0.00290214496437461,0.00117961131043582,0.000238185188175012,0.0027716715404884,0.0114872982751264,2.20615913185824e-05,0.00436150732926049,0.000720141150632899,0.000492771152960981,0.0105577886775265,0.000953321014335263,0.00603929184697804,0.000863080982904967,0.00241090026974412,0.00383124969534571,0.0185261195928923,0.00396820691932783,0.00523139626165006,0.00439425871274643,0.00411039062307009,0.0117292259506195,0.00254999525430924,0.00150600126744525,0.000105792562202625,0.00469857905786779,0.00211636085262763,0.00163079215993498,0.00334097909678066,0.00141191538077977,5.42782554303242e-05,0.00870434964553175,0.00158727051782867,0.085620738630103,0.00103221379481221,0.716016078061355,0.00181095222451673,0.00403097952271573,0.00331954928675323,0.000312064280358187,0.000880480513374701,0.000906682870100573,0.000442339982563943,0.000362903848386929,0.00021458100603825,0.000773838384144613,0.000727446573954112,4.60903548537997e-05,0.000981975678831261,0.00165000721738637,0.00178167055012818
Electrolytic.Manganese..China,0.00514998482624713,0.00970771198351867,0.00493442408440792,0.000552251106495828,0.00245053367972366,0.00156043569293464,0.0202890960638667,0.00210411212833116,0.00441877661521537,0.00122166806317313,0.00241111030156972,0.00256239063451755,0.00269361735817439,0.00490536693598731,0.0140999324119823,0.00126022240966596,0.00502461703311908,0.000665142856719284,0.00572825322294796,0.00688659731064809,0.00485215740120807,0.00324278058627697,0.00597928611260793,0.0039754983763606,0.00450408351871039,0.000683930426115629,0.00403158475163815,0.0159536837824492,0.00266801289342514,0.00430658547871356,0.00349546736636973,0.00164926640608632,0.00511540108224872,0.0226949949516409,0.000829728910708891,0.00526833420064724,0.0026158627941635,0.0154632711666705,0.00548747813361879,0.00581123183065674,0.0068437753145889,0.00486214797951291,0.0082279798430287,0.00299876985912547,0.00616363299319899,0.00427426435490429,0.00580898284796222,0.0116671846402777,0.00203895736358546,0.0023205708954502,0.00160816282123252,0.0045622530397681,0.00434410647122752,0.00107442527052742,0.00249170553403398,0.00169942610370409,0.671920770330655,0.0112754925343086,0.00755033563068616,3.17052189238374e-06,0.00356186311928773,0.00286298244123667,0.000572588144322949,0.000480207828398482,0.000329570254249127,0.00354793971933435,0.00212668477964136,2.95847140396555e-05,0.0021240908794026,0.00120798621145757,0.00416550266939602
Nickel.Sulfate..China,0.0307043292140347,0.0287408056888063,0.0195976980624436,0.000155151051987733,0.00368913600633271,0.00387199847240382,0.019627407797067,0.0158683732378985,0.00962369098443018,0.010497786726786,0.00826528345590615,0.0083385078525946,0.00639149953659692,0.00309057296897016,0.00532626675247131,0.00539431958414729,0.00301106902024978,0.00453798417261192,0.00225270242301344,0.00157220675028403,0.0046929572543208,0.00575943800475648,0.00640711179563313,0.00725983338259024,0.00556353592952973,0.00113706120703254,0.0151126574698323,0.00834527248737699,0.0042797692411548,0.00903258715932295,0.0065048338559919,0.0063650820838393,0.00590901837062016,0.00751274244223478,0.00416594826827682,0.005444639824966,0.00652359361560107,0.00544251366386712,0.00424649919036544,0.00773421491787075,0.00950321212921141,0.00854784226854355,0.00348941824383525,0.00504370967209759,0.00410353657290701,0.00812998433655036,0.00773014931189506,0.000894463451888581,0.00755309747517413,0.00563422384482563,0.00450264461642511,0.0103797161899555,0.00611645319304045,0.000973863841468133,0.0029813174373143,0.00319160468065866,0.00951346514590501,0.566919343869025,0.0086340842203186,1.07329888500577e-06,3.01762019096462e-05,7.64691274763161e-06,0.00177952322090444,0.000851277358960873,0.000226041824075539,1.31830331037192e-05,0.000928429149824664,0.000833632812673467,0.00236196725726347,0.000492660712718114,0.00063615779167509
Antimony..China,0.0212220115253018,0.021005028183527,0.0193094916550152,0.000522533574698644,0.00433432233344181,0.00341359120902979,0.0172864201502631,0.0141523196833868,0.00341403877969977,0.00659380034977966,0.00440307480493693,0.00419892865838547,0.00236719732177394,0.00511224446566364,0.00363611661656447,0.00142938980092576,0.00466744244896502,0.00697966831816151,0.00150176140396406,0.00340318607471494,0.0149333260570409,0.00462530140420117,0.0120192013196463,0.00517074901184547,0.0056072676464832,0.00250320322370627,0.00584360643647705,0.00560157598617078,0.00352732640931819,0.00528710059882191,0.00897291839620615,0.0109441228429021,0.0130089827501458,0.0111352268823459,0.0100823472125301,0.00778752280416263,0.00306526106045088,0.00428640324616109,0.00313789335377091,0.007592244627347,0.00826397439973305,0.0138258240011321,0.00301159671640747,0.00386355077823182,0.00425197205718139,0.00489586326419483,0.0159380950812134,0.00500691135701437,0.0134075536831412,0.00583222738998154,0.00603894704426329,0.0101225832604567,0.00539855866803526,0.00859438173403961,0.00780163099845717,0.00263230141531731,0.00638009964889903,0.00864717553986622,0.567778928058724,5.29054727670693e-05,0.000190836184595021,0.000390571248090998,0.000209601535372607,1.0819868801222e-05,6.57073525588393e-05,0.000519840185115267,5.17727141331364e-05,0.000835154237080694,0.000567272424753154,0.000471902419486725,0.000857292633022602
Soybean.Oil..US,0.000588813820055292,7.4267624778779e-05,0.000137271667388399,0.000111883638506539,0.000227403862316411,0.000185408837253611,2.38423398232483e-05,2.65465413080077e-05,0.00209029051403499,0.00822812507567143,0.00342331499135431,0.00180429615558701,0.0107827830036286,0.000580857366900272,0.000567629305039431,0.000202406860298531,0.000492884980286119,0.00017164807698934,3.30040909858975e-05,0.000398318618768287,2.25622936526377e-05,0.000320339453569913,5.92417916286709e-05,7.3543448551481e-08,0.000112935802676993,0.000137229162569372,0.000924560569825491,0.000994328896329926,0.000358495144329669,8.01789626147704e-06,6.21688539584036e-05,0.000468120943497079,6.91954185398823e-05,0.00022654373492235,3.99346973593231e-05,0.000915267616073303,0.000151320063316667,0.00115696693487807,0.00086007749988871,0.000167132361546285,3.98315985825779e-05,0.000847061366574593,0.000398171839400295,0.00226580067088026,0.000834140580107514,0.000324322092051736,0.00167390830168694,0.00224680853631324,8.48219619567209e-05,0.00135902343807977,0.000449052910326993,0.000234629754132963,0.00032029866392282,0.000254576365848225,0.000253233384071323,0.000372710258380067,4.03517849009991e-06,1.61900974212276e-06,7.96840480638193e-05,0.855165279256636,0.0032252328376379,0.00166119583880937,0.0301551400643234,0.0229111683560666,0.00110406359708482,0.00461380309964889,0.00127841385896555,0.00595132045732009,0.00643824500805853,0.00777037612339354,0.0104765214941963
Diesel.Oil..Singapore,4.53309066366625e-05,0.000228695458094451,3.83232354246023e-05,0.000122666634824847,2.6225830055244e-05,0.000151759170143992,0.000356104604208623,1.36441305660361e-05,0.00123346754430546,0.00567008902217614,0.00156462026562581,0.00459069086317328,0.00515069023199671,0.00687070451333618,0.0105217685769622,7.84159031801411e-05,0.0116928282838592,0.000268018330831245,0.00179360668156598,0.00987843117519661,2.710995001642e-05,0.00152888752472465,0.00048662990795823,0.00625165108468662,0.00168955475420748,0.000353593792866324,0.000127575309223344,0.0150423257567905,0.00980064837130056,2.72312736726235e-05,0.000186888401550414,0.000954287735265893,0.000346375349608594,0.00114095206681559,0.000407614539282497,0.00258879692396396,2.16340422181399e-05,0.0013702464907169,0.00107842410359936,1.93224241278256e-05,8.05268821062335e-05,0.00201322072784214,0.00838872326495456,0.00809546711608455,0.00616487641028274,0.00105247787375686,0.00968543734614875,0.0108623352049827,0.0047797518751651,0.00465627001927839,0.00200391108127046,0.00461747858006602,2.13638646929787e-05,6.68877218812668e-05,0.000405877948950063,0.000355903862099006,0.0014648813802303,0.000105037551955665,9.3655461036477e-05,0.00236288284065045,0.272390332916145,0.130291235101664,0.0407516011763426,0.0474957642800402,0.00091180713564143,0.179467671439866,0.131083793709764,0.00239882059934261,0.00725137187060714,0.00925116881530081,0.00768363477709178
Gasoline..Japan,8.24127183116257e-05,2.38730722130476e-05,2.54569829766724e-05,7.46545857311798e-05,3.32399319475037e-05,3.28156899272743e-05,9.48014204408079e-05,0.000494775650024,6.18591507811114e-05,0.00631380051736964,0.000397185721999108,0.00380861114818361,0.0055475189120239,0.00415520773872298,0.00948817230997371,0.000279084202906442,0.00800696736690209,0.000150270311072666,0.00193424914741446,0.00726022584583966,6.80699710498532e-06,0.000896720041891889,0.000361064639233846,0.00717356361373072,0.000140338296878794,3.95549683810109e-05,0.000960667839107319,0.0123117590465151,0.0104430173310308,2.25999923388721e-05,0.00122096739337456,0.00101331451544332,0.000695126819936233,0.0014235535160029,0.000794510518213404,0.00295016137911573,2.43980748615915e-05,0.000109737428104722,0.000597278940008327,2.22069951398322e-05,2.51941453196041e-05,0.0011752872686094,0.00851775360582637,0.00889180629779018,0.00522579818591452,0.000909306581342471,0.0104150325252363,0.00738139127907191,0.00662030844023268,0.00533362170414976,0.00178966977270966,0.003462175986037,4.7172724038337e-05,2.65056438426999e-05,0.000334902106071601,0.000379800760241416,0.00122692301726441,0.000118715792938609,0.000196865429232707,0.00209059136436219,0.135228582932918,0.284844721397199,0.0478332423206886,0.0542514301452809,0.000181401536815178,0.141987303209747,0.154038337782343,0.0014136657283885,0.00975774807269976,0.0102564022029966,0.00656581126951597
Brent,0.000410366178722379,0.00030058154694719,0.000157123452095444,2.30667113627244e-05,0.000104998387457718,0.000657516940560556,3.74055996929423e-05,0.000189620521352416,0.000138377203246771,0.00236710351860047,0.000244181534995239,0.00168799083969633,0.00148246277499771,0.00031526211540411,0.000435994895636138,3.70376380543568e-05,0.00155307520582245,0.000746549641610702,0.00018200585113018,0.00075053269705898,0.0008817979464748,0.00397369510159084,1.13466211804173e-05,0.00101388920975927,0.00374795144848868,7.86980582100792e-05,0.000211639034591885,0.00202768616123922,0.00517051854022338,0.000398576501700013,5.43941160571914e-05,0.000231395637252695,7.45203205923382e-06,1.39717180034293e-06,0.00402522518395723,0.00335438824451907,0.000282983551308691,0.00123081697892744,3.8858998938378e-05,0.000230839397340896,0.00027197088472299,0.00100148360270652,0.000973343318113253,0.00309646710857411,3.81691480444202e-05,0.000576477022160467,0.00138178914370463,0.000300088360232146,0.00359068870651679,0.000901469048963512,0.000119211832350605,4.06694094123151e-06,5.83910917285385e-05,0.000313515660439831,6.00470519010732e-06,0.000326865221877653,0.000450892003666236,0.00165981069652573,0.000195005499253919,0.0186553331599216,0.0292637947213127,0.0310659805295146,0.528715816753175,0.219400682935301,0.000797039599618023,0.0415032364404882,0.039994696561042,0.00359738567765979,0.00677820637566753,0.0135068803646079,0.0126604336959147
WTI,0.000472425341071495,7.38845088192234e-05,7.82004363561878e-05,0.000149027530611102,0.000395404906855796,0.000275505659702574,0.000281806394978453,1.34436081132509e-05,0.000489407805369004,0.00254178329838462,0.000347391940088828,0.00173464405108614,0.000738893517849941,0.000235233612762524,2.05219478501269e-06,9.81357649756235e-07,0.000439059825220648,0.00143565884552958,0.000305154632457839,0.000394287728687998,0.000892720055788864,0.000581495962540456,5.85235127062512e-05,0.000786717832157877,0.000151138705415936,0.000476604108490902,0.000113897310093502,0.00178160172643248,0.00139515793557669,0.000216318538947477,0.000675738953171611,0.000553666906703185,2.07914059795789e-05,0.000419791546267236,0.00502102971134932,0.0010162098733534,0.000245795996855818,0.000322188190924273,2.27873552674874e-05,0.000207158857433225,8.85633541091077e-05,0.000639062549243511,0.00141521466198821,0.00150034519617958,0.00127249936678185,0.000106682745649974,0.000109800180752043,7.09062621755079e-05,0.000416160470940442,5.9538966649585e-06,0.000218433210222545,0.000102102681095629,0.000242970054097397,0.000101475857278153,9.05068049392792e-05,0.000293115717128577,0.000413315294732135,0.000868400598509585,1.10207977192879e-05,0.0154941402946088,0.0211326910878611,0.0251442580928723,0.239265257148675,0.57832279026365,0.00036237946551128,0.0348372087182092,0.0298747948599466,0.00160609294210548,0.0024603701177833,0.00865935847804108,0.00951054714869306
Henry.Hub.Natural.Gas,0.00085751815414146,0.000314804779846953,4.89101485497984e-06,0.000955059923527233,3.37095051087908e-05,0.000479595024391043,0.000418860011684292,0.000235855380646279,0.000707012494646485,0.000785899349797769,0.00015348214011564,7.70491301337733e-05,0.000475705271337344,0.0001095195973257,0.000221070196434877,0.00674024429496774,0.0017134573014159,0.000330305450205311,0.000301755188877328,5.03364122712321e-06,1.74591205841307e-06,0.00335609711128537,0.00147230722642402,0.000237065795465909,3.37888179857348e-05,0.000123835382337519,0.000165531738811645,0.000326269320068914,0.00251488760879105,2.49840570316527e-08,0.00193487686395844,0.000516575921721522,0.00576803253750289,3.16350226714443e-05,0.00323608024517548,0.00114190494546284,2.67462526082597e-06,0.000251469633776034,0.000693765258718685,0.000323063042996237,0.000167438202817151,6.75375098596102e-05,0.00130663634182999,2.89729436603626e-06,0.000194159763113073,0.00067751546880374,0.000399340134026883,0.00264698078623676,0.000183145910873095,5.73956967879635e-05,2.04030470864224e-05,0.00125040568476637,1.35724677039323e-05,0.00147014542055797,0.00230530525455298,0.000281658207652937,0.000460981874477621,0.000374732565253903,0.000108764860538376,0.00121338309397556,0.00304389003790985,0.000506883724374542,0.0014168042763099,0.000588907630659695,0.939839964966416,0.00267939246444631,0.000410467278914317,6.51871170460646e-06,0.000218913372076937,0.000377767467932079,0.000655630638759351
Crude.Oil..UAE.Dubai,0.000110298398036175,3.43477886792881e-05,2.02926045775866e-05,3.68158623411908e-05,0.00023576566067957,0.000522531914612461,7.55154428729161e-05,0.000121852677911966,0.000505275310624169,0.00623421163000099,0.00105202699948855,0.00338912262442421,0.00552682804034384,0.00777752748151852,0.012561053397835,2.32945918937093e-06,0.0119799889944539,0.000411533660698411,0.00194664138155906,0.00909872084629049,3.9553168841315e-05,0.000939079603487009,5.83881235575831e-05,0.00857330706341546,0.00158612346349467,0.000130993762593776,0.000379690152712375,0.0206311597254152,0.0116718859125813,0.00012646790404536,0.00035194548155047,0.00101926622227052,0.000650445130232963,0.00158264601622612,0.000917154570765329,0.00270488087128328,0.000114106886850431,0.00102216228818807,0.000144250415449602,0.000106592613357453,3.70907511534875e-05,0.00190761503488602,0.00495002363497832,0.00742605206609436,0.00430710260387022,0.000517460452295864,0.00964498861183742,0.00746004770601029,0.00427504253551169,0.00298051896182005,0.0017576004647872,0.0027574786254044,4.6238287712569e-05,3.25170713468803e-05,0.000173173469761077,0.000292469725608934,0.00127242431314001,0.000219708952194891,0.000218358358456252,0.00412851763298795,0.154371059015052,0.118309855005473,0.0774828727073556,0.0887980141402485,0.000726116320021802,0.235989831716935,0.136061516965774,0.00129231793931511,0.00592325521742101,0.00608402056979189,0.00616393159029751
Naphtha..Korea,7.25401257959415e-05,0.000133803558813423,2.71533088383773e-05,0.000184489037011954,6.82790366519885e-05,0.000299708463835683,3.27293999844957e-05,0.000301255413796244,0.000302754560597264,0.00347607173116627,0.000515348395769483,0.0021498918317571,0.00319288081635676,0.00518750189267007,0.0107514742646709,0.000181462413357339,0.00851376772033271,0.00019783124595263,0.00162622800852441,0.00748019281805803,6.05211797035132e-05,0.00089287373259074,0.000198174925679147,0.00688652808832645,0.000465160956882377,9.79292398954419e-05,0.000518991081623875,0.0135270885005106,0.0106542960983156,0.000508794073712898,0.000728742247490756,0.00065923248474457,0.000493574965890543,0.00115133251401713,0.000797489828186369,0.00352137641581239,2.76882956062065e-05,0.000617624015611944,2.87955569801623e-05,2.36923149463402e-05,2.46856714557287e-05,0.0013185485115601,0.00427889177391287,0.00619500311178815,0.00488365433883903,0.000193736975145314,0.00769208335782942,0.00476103492505187,0.00424935922714141,0.00241092472683047,0.00114403479017479,0.00136181081164294,0.00018535393269825,6.0764589071851e-05,0.000122886345239551,0.000305108606231289,0.000890123206014791,0.000608028387134439,2.71258724071888e-05,0.00246097245653721,0.131378200941156,0.149054012856902,0.0634987655178433,0.0678223726535628,0.000156854866286804,0.157757383559043,0.276223181384109,0.00123884871969674,0.00741200066041886,0.00875454008915769,0.00697443657464935
Gold..UK,0.00312423239868136,0.00179026860532198,0.000468028620132017,7.54686694947107e-05,0.00034574623108276,0.000264007197238098,0.000224399328530439,7.89499745949069e-05,0.000726016247167465,0.0026953454931582,0.00128705164675698,0.000941504753959856,0.00203976951034641,0.000141189626745798,0.000388765635524166,0.000183607848276385,0.000912611946205947,1.32775713487974e-05,0.00163275424108681,0.000211811276625013,0.00102524994421825,0.00300579431773643,0.000369882182165409,0.000102502339963975,0.00106151966211219,0.000160774955760612,0.00131387045418192,0.00202748554992238,0.00051912850805901,0.000194047408661625,0.000195919145423763,6.15427559436282e-06,4.4074316081244e-05,9.1112199839911e-05,0.000556551394596816,0.000341798884345731,1.11084588257701e-05,3.0487629870177e-05,7.09967354757039e-05,0.000440249895800436,0.000387216091183553,0.000595136438196711,0.0260746752691859,0.0613198976485504,0.00656004568543245,0.103167433202098,0.00280891672093305,0.00228222835038811,0.00057431924739497,0.00323208694954012,0.00375029040969947,0.00443707989891285,0.00100618197998232,9.2157572774347e-05,0.000384142433232728,2.81955598886205e-05,1.9286026326045e-05,0.000644090613847017,0.000644289218347657,0.00304829309277133,0.00361242518414205,0.00191888600981597,0.00298031991252414,0.00121644873775645,3.0380947300462e-06,0.00179459844145458,0.00161042119756769,0.438019500484053,0.1253483719946,0.12014382300409,0.0531826894496662
Silver..UK,0.00342884257370475,0.00418509180146577,0.00357982010089911,0.000248406340329504,0.000254875138330896,0.00054047493465675,0.00320987650019685,0.000832512509192063,0.00168735604124133,0.00658126959196928,0.00214857572881493,0.00460073342799326,0.00724433774802007,0.00167022111134923,0.00330768825096712,0.000273799448633942,0.00187273561268657,8.19351196776939e-05,0.000424712315601647,0.00246695313248659,6.40961713424826e-07,0.00241841139326903,0.000483273262863667,0.00354748945503221,0.00112753013382748,1.61279653250505e-05,0.00135716592389134,0.00529640246450304,0.0049298468862879,0.000548369985265866,0.000110414281632344,0.000211627256831264,0.000795859115688118,0.00124986583693831,0.000145661343872957,0.00351121132944753,0.000269864894884944,0.000837130244511596,4.66252334455342e-07,0.000612973297491166,0.00043174458165249,0.00482758996207962,0.0585372778073536,0.168163036639773,0.0153953704882585,0.106300517706556,0.0144440613366582,0.00869775615525306,0.00962426772443172,0.0105244898792595,0.00826258824764888,0.0102249610181711,0.00152431088790831,9.61711954165766e-05,0.00102708616341929,0.000367921172636649,0.0008480702951164,0.00111771073164729,0.000268033591732799,0.00201973440649191,0.00692978554638911,0.00902103139315462,0.00343986309151637,0.00114131877161566,6.24877958324741e-05,0.00628859886773464,0.00696524328839823,0.0767718623418046,0.268272912197346,0.0841773706405483,0.0381162763603654
Platinum..UK,0.000654457326957352,0.00117681999209323,0.000170551321875539,0.0007471473701846,5.5028605965421e-06,0.000238403592347291,0.000909874245873571,0.000262452864760018,0.00089660016456338,0.00386327994632264,0.00109391659147168,0.00313172487289417,0.00534442747200685,0.00026062766580828,0.00213434692708539,7.68150882566369e-06,0.00152281831836204,7.91138704957014e-05,0.000416335137543446,0.00178442613340691,0.00011753306212283,0.00357957996124515,0.000302995941922407,0.00204844121055974,0.000394159582342781,3.00998754945115e-05,0.00114693596113322,0.00240507657052319,0.00233880472947353,0.000273151735299437,0.000290857723445594,6.61859679437168e-05,0.000452588250855097,0.000361859822174135,5.0086263724844e-06,0.000508020755236806,0.000571135116936777,0.000274099882452796,0.000137158497244442,4.19563689543481e-05,8.44210827058671e-05,0.00336273049189159,0.100634240092399,0.0619758557644778,0.013824041635348,0.0455799538620791,0.00931664317825443,0.00585788860417179,0.00480589845907047,0.00795347579868717,0.00602595114654013,0.00639427378284132,0.00111138899649945,1.74928396109382e-06,0.000123238980037431,0.000786536497312237,0.000613620303700997,0.00029660773013872,0.000283680016708928,0.00310132865542922,0.0106782279099315,0.0113908398674555,0.00871663640633751,0.00511059213305076,0.000137191263833009,0.00667177771049046,0.00959207518075904,0.0936189599280622,0.107096269360618,0.341315342213894,0.093492405838106
Palladium..UK,0.00119397305253168,0.0019773973762037,0.000459035859478731,0.0010792768898385,3.93296626531134e-05,0.000191321232405461,0.00168880673938377,4.24331451894386e-05,0.00110397111630476,0.00462825742152289,0.00132375643929269,0.00320015148842894,0.00712572509916277,0.000724260069133733,0.00392085372331928,0.0005919412127191,0.00570779331950331,9.11030934746695e-07,0.000464198760145266,0.00313989408141834,2.27435908929774e-05,0.00596673654033066,0.00063811553724804,0.00205125937550259,0.00204403472192069,1.43841491059131e-06,0.00190794720904843,0.00446642459403237,0.00121737422614272,0.000552892438201369,1.65453925701127e-06,6.65137056076543e-07,1.57376869290187e-05,0.00164209675720159,0.000185641215001329,0.00126224703719211,0.000107697217998658,0.00108079461188305,0.000391070967292183,0.000583717402406842,0.000474760779101904,0.00588628719550528,0.0323173984314512,0.0335419963800313,0.0755705997101928,0.0235308640260785,0.0110072410385041,0.0102793699991485,0.00607694854507791,0.0100186083761502,0.00581277768315909,0.00695330203361123,0.00210805940131417,5.88702340365169e-05,2.42296867664245e-05,0.00105132390831926,0.00261927600762118,0.00047410604076922,0.000637942792406571,0.0051760559549632,0.0107233363517468,0.00857048008139708,0.0101121180422773,0.00694811678806547,0.0002947387558488,0.00832634504761788,0.00909588303677254,0.0512989840405853,0.0600296149011228,0.115731728393844,0.422505059396495
