"","Corn..China","Wheat..China","Japonica.Rice..China","Pork..China","Beef..China","Mutton..China","Cotton..China","Soybean..China","Soybean.Meal..China","Soybean.Oil..China","Rapeseed.Meal..China","Rapeseed.Oil..China","Palm.Oil..China","Pure.Benzene..China","Toluene..China","O.Xylene..China","Styrene..China","Butadiene..China","P.Xylene..China","PTA..China","Epoxy.Ethane..China","Propylene..China","Polystyrene..China","Natural.Rubber..China","PP..China","Causticsoda..China","Potassic.Fertilizers..China","Xylene..China","Glycol..China","Acrylamide..China","Acrylic.Acid..China","Acrylonitrile..China","Butyl.Acrylate..China","PET.Chips..China","Methyl.Methacrylate..China","PVC..China","Urea..China","Methanol..China","Metallurgical.Coke..China","Hard.Coking.Coal..China","Coking.Coal..China","Hot.rolled.Sheet.Coil..China","Platinum..China","Silver..China","Palladium..China","Gold..China","Copper..China","Nickel..China","Aluminum..China","Zinc..China","Lead..China","Tin..China","Chrome.Metal..China","Silicon.Metal..China","Cobalt..China","Ingot..China","Electrolytic.Manganese..China","Nickel.Sulfate..China","Antimony..China","Soybean.Oil..US","Diesel.Oil..Singapore","Gasoline..Japan","Brent","WTI","Henry.Hub.Natural.Gas","Crude.Oil..UAE.Dubai","Naphtha..Korea","Gold..UK","Silver..UK","Platinum..UK","Palladium..UK"
"Corn..China",0.177260434905501,0.0661029815649573,0.0498345666756974,0.0036730498003275,0.015530972995542,0.0189373166762858,0.0239991905057682,0.0385752756868089,0.00732171532484386,0.00478616500965364,0.00600657784237529,0.00336473695443021,0.00309474409823333,0.00995625200462815,0.0167826199034889,0.00698482441360639,0.00673314063404028,0.00700709192284018,0.00303381921679548,0.00388731332920685,0.00900822946612967,0.00756260203219535,0.0204554135835476,0.00925425848583931,0.0218888514921585,0.00482362426855107,0.0180124122895063,0.0160298063670226,0.00719335149871822,0.00846071869445797,0.0076805288061424,0.0138252743571557,0.0104445937786292,0.00761348515411251,0.0116522548423442,0.0121757379940217,0.0168594119752334,0.00557642215627678,0.00514381600310569,0.0153545734455155,0.0163936486154701,0.0141652919340057,0.0172525713756939,0.015786611967206,0.00574160984077763,0.0251872137774396,0.019471505851506,0.00424138328261395,0.0135197434325372,0.0131225547441982,0.0178481657875023,0.0108314316163713,0.0453198516984404,0.0168427445714885,0.00840811652981985,0.00200051835821263,0.00127517254602077,0.0144915238545742,0.0163447551248865,5.23215517568548e-05,0.0013027337660176,0.000330952314093261,0.000132663967463985,3.9361752026074e-05,0.00077408185303823,0.000142017653538436,0.00217627240174548,0.00348771682353403,0.00818713280300459,0.00240104754222565,0.00084112650709664
"Wheat..China",0.0864782063530014,0.231898230685967,0.044827353706616,0.00262993103780817,0.0121805967574757,0.0150302743070675,0.0243956048548323,0.0329053139107104,0.00659283464632432,0.0038942182453298,0.00340850341930364,0.00338238606609087,0.00264761920216141,0.00642134311913615,0.0163235015183481,0.00676173305873601,0.00446032966628045,0.00616439413905089,0.00171334841374093,0.00289940744413676,0.0117605720898249,0.00585760219914551,0.0155225765686781,0.00692466090276102,0.0168409135581451,0.00338419852509877,0.0231789886140706,0.0144090190085257,0.0053149823477122,0.00788528572854296,0.00604424721614109,0.00831885190102663,0.00802351978377844,0.00439920435763277,0.00373753117493797,0.0122491513755529,0.00970470003717415,0.00525860643752685,0.00860485236457056,0.0246464566821303,0.0272085924101399,0.0213627498367984,0.00981768631255648,0.0133869423573843,0.0078774364736653,0.020471213308787,0.0163419971379311,0.004924791645506,0.0163023086203601,0.0133731961080564,0.0132737252042595,0.00906904911859312,0.0373769576932492,0.0162703082607658,0.00943424552853113,0.00227442026432685,0.00144912014465232,0.012780412373861,0.0118780868178308,0.00051203609461665,0.00115000660197975,0.00043821293024717,0.00062675955998852,0.000301573069622592,1.0520209117922e-06,0.000120244923316583,0.00162226711418457,0.00411819434569095,0.00627564058966733,0.00154294788786142,0.00133677381956395
"Japonica.Rice..China",0.0641568052492525,0.044113297284632,0.228204315984872,0.00370665128935624,0.0120751194815879,0.0190424560702958,0.0257218872495882,0.032513025527174,0.00562082099372639,0.00536298413892635,0.00364944192025416,0.00310826183835678,0.00270102473573874,0.0142764388645699,0.0135259107875668,0.00969064742800015,0.0115177467004036,0.00629640817882762,0.00106801205869405,0.0048252576610002,0.00916567622495021,0.00435176829026444,0.0215854805087845,0.0115252503872638,0.017455261934348,0.00339698391156874,0.00850748262220672,0.0129187609390772,0.0118308825391814,0.00835930231945019,0.00519702684303973,0.0100428255069464,0.00707125011935665,0.00858722860150164,0.0121980220562622,0.0143130292931494,0.00787476051725524,0.00476454609281928,0.00395929937197641,0.0149913058911821,0.0148539080117163,0.0158259254278097,0.0110621838720031,0.0158653904741974,0.00889429338503686,0.0310148907290071,0.0215648515414185,0.00510000892549435,0.0189202733495813,0.0110862420793958,0.020252836722303,0.00824318909801888,0.0407368243647707,0.00960012031404652,0.00437133445405077,0.00266407397783818,0.00415400954332388,0.0141022514094633,0.0141844672262171,0.00021920900222816,0.00159143279658964,0.000751197468367436,0.000294229095287664,0.000103823626092403,2.9701851378389e-05,0.0002256411684727,0.00218793614521547,0.0030568507059838,0.00788643616069041,0.00128269860934193,0.000601111051251754
"Pork..China",0.0165753267536255,0.00907181150382774,0.0129928662943513,0.799920989033821,0.00691630718992948,0.00762414151515259,0.001812151995975,0.0161638153002131,5.78257275187497e-05,0.00158133140693814,0.000334058125311956,0.00148346898342022,5.27244180147053e-05,0.0146603593433482,0.00540623716803547,0.000817329057539037,0.00361064868788597,0.000487094752344581,0.00208781914526637,1.05985537474143e-05,4.76816717324213e-05,0.00232328833423435,0.00988730966552585,0.00044548606036124,0.00146645162594199,0.000577884236050622,0.00363674285538528,0.0069127663820856,7.72485338872282e-06,0.00821066417659686,0.000698340160255839,0.00392979320760611,0.0036426094559484,0.000361573305857336,0.00228216195186377,0.000181867628334751,0.000164063395251422,6.49662311556945e-05,6.28920594789719e-05,0.00514676738949733,0.00521587391849648,0.000128114433482817,0.00683694852253145,3.39581881800509e-05,0.00320753124284798,0.00127480510053679,0.000250981596092264,5.71302836560671e-05,6.1505022199204e-06,0.00119820873909784,0.00348843198676347,0.000233402247623879,0.0025170922787761,0.00400581890099201,0.00143155718469584,9.46169514428479e-05,0.00167647608715076,8.24976442875827e-05,0.000378944820159706,0.00348276718443152,0.00180502844821577,0.0025751949802744,0.000606727524085193,0.0014796316957303,0.00165281012353204,0.000932648171017941,5.61704912844015e-05,7.54831830880647e-05,8.07745910466378e-05,0.00062193482649953,0.00279434854894161
"Beef..China",0.0385211870800226,0.0230931905343272,0.0232637858169321,0.00380136866043533,0.439655801142719,0.102144172423077,0.0123706748505534,0.0189911816612165,0.00150054037430738,7.56600801343679e-06,0.00237416632641554,0.00122360578406341,3.23603793578054e-06,0.0100488591239912,0.00497000708983453,0.000764849444674177,0.00834528012334726,0.00658114662197653,0.00400408135740396,0.00269975751461991,0.00439232420532227,0.0013820923384949,0.00803655481292357,0.0142612607896926,0.0132755638552231,0.0198791727639258,0.00435279431930338,0.00645486371110655,0.0054855781353607,0.00246597623690012,0.00467334741150769,0.00974911808113432,0.00525520540627095,0.00465032108794105,0.00430262143411419,0.00576392669395653,0.00419274742310106,0.0011442669837005,0.00307104181825882,0.00438805034088255,0.00758732289055893,0.00767404451138806,0.00601885667156328,0.010045337924999,0.00836749360546027,0.0139450901237404,0.00965310928101754,0.000258664608752312,0.0117492902201802,0.00868597662343085,0.00717249859068352,0.00335546889182085,0.0325149733939408,0.0150899097220712,0.00563686220088855,0.00395140829500518,0.000590341822691223,0.000859220298250414,0.00877030299170377,0.00166881422765153,0.000584460690396029,5.73868651127463e-05,1.21559583327875e-06,0.000543314986627021,5.75855381209136e-05,0.000273239825819826,0.000575080932556699,0.00116503077706627,0.000218156852198207,0.000456737467218636,0.000931517748264993
"Mutton..China",0.0406313483045667,0.024650405880139,0.0317361113661968,0.00362492027633494,0.0883599352902923,0.380324762709571,0.0218729049078885,0.017811998599022,0.00311040637270783,0.000247704179456147,0.00353271161288526,0.000147807885261685,0.000675530131811646,0.00830587699085605,0.00335081918278654,0.00201570422106181,0.0123336392601036,0.00143627312483761,0.00144685535194401,0.00481341123530911,0.00421055684259061,0.00479784338780987,0.0199220792684123,0.0171391388960793,0.0143499471799733,0.012485025003801,0.00902018153815646,0.00261680191710538,0.00549475256728976,0.00944885626480946,0.00506871176808451,0.0102808166308946,0.00459877076064952,0.00142261211640098,0.00514067103056156,0.0158081362242287,0.00433046412260146,0.000894717004128903,0.00365983563545691,0.00474390017263856,0.00670634298509096,0.0146735819261313,0.0085404578448436,0.0148437487695585,0.0101293265514443,0.0175215756300711,0.0116434227164478,0.000782453274482411,0.0107678411092769,0.00838101995526049,0.00669034118293516,0.00590996954128561,0.0348523951033856,0.0130061201262796,0.0047750808808701,0.000376700555561154,0.00161244680300767,0.0037487976833116,0.0064725070828926,0.00171064563033344,6.05399167671612e-05,1.88516004694215e-06,0.000854419741327602,0.000188873490655004,0.000511942426718561,0.00011650719365456,0.000903766337641256,0.00305629621963604,0.0039949845694942,0.000216037183435373,0.00108702719344792
"Cotton..China",0.0384593588442553,0.0298834966297505,0.0320181498954197,0.000643524056541166,0.00799277967034116,0.0163368800017156,0.284064692652066,0.016256562835159,0.00768604981266254,0.00284017985102823,0.00495876600602451,0.000555080904871561,0.0025120568211552,0.0100861195381993,0.0233404420063919,0.00529624975139142,0.00466992034482521,0.00843905825345734,0.0150085510167466,0.0043106032573985,0.0132795273073295,0.0120561988906663,0.0262374157913803,0.0116492283694852,0.0307306449708525,0.00457211805773541,0.00877712095689542,0.0165377794338595,0.00718186921654593,0.00508138493019658,0.0192165009884948,0.0143942595462387,0.0219468844343178,0.0132293375720178,0.0068868709318106,0.00868050165448215,0.00806515548398469,0.00584609198189595,0.00658253439777287,0.015285980040978,0.0134448129966297,0.0226316400631639,0.00596264767894054,0.0089512171537217,0.00287624336659372,0.0162868404866113,0.0206043003604425,0.00966057846451925,0.0141125340047443,0.0189314328337514,0.00445915802229379,0.0125510788878279,0.0242048463402535,0.0133738491065625,0.00759247572956819,0.00391796498134198,0.00172740877510537,0.00992475700176691,0.00725592653178891,0.000151315728569271,0.0028791019302004,0.000323606582217332,0.000239719429013744,0.000286059556557476,2.31823132879334e-05,3.19810486057173e-05,3.36264632126755e-05,0.000874600583202783,0.00344282231412049,0.000991858732044602,0.000656485426999861
"Soybean..China",0.0654323184259551,0.0426642075873195,0.0428379433110202,0.00607563768955092,0.0129877601811466,0.0140816365202703,0.0172070551440346,0.300673449886095,0.00597312303027623,0.00359561223952789,0.00265869112177151,0.0029659113930563,0.00235100511309801,0.0122841973126393,0.0123691063403364,0.00628729342792878,0.0054327667537039,0.00518044116097987,0.00718219224905435,0.00568481455581464,0.00553303065085192,0.00187693225802694,0.0184703280749049,0.00250304273771153,0.0116077248975716,0.00353913781456808,0.0168174068259793,0.01415399489975,0.00345675101309177,0.0074476537340483,0.00513054965789739,0.00900979712860341,0.00400569508463845,0.0169048364423521,0.00693930593125763,0.0169014796374332,0.0111228756724988,0.00573623234892594,0.00313550843475281,0.0210952374088792,0.0230728629010659,0.0190461637945445,0.0102052696173535,0.012327454533671,0.00814736354035061,0.0152139734168039,0.0159566172383991,0.000165328603353684,0.00765567405195036,0.0130555155026751,0.00906307409293984,0.00662556230923895,0.0312162543752272,0.016458966470653,0.00266591515620334,0.00143794927232205,0.00138010171395087,0.0202769875004418,0.016687580153294,3.3619748139763e-06,0.000316260353670218,0.000273109829176982,0.000382671338728818,0.000173932745402589,0.000769424536959828,0.000169649868661431,0.000454531015831,0.00137955281856957,0.00589286179801329,0.000109844417716399,0.00010350096069438
"Soybean.Meal..China",0.012908212290501,0.00888463966898558,0.00769734533614172,2.25911887312336e-05,0.00106659599353989,0.00255580432507467,0.00845572807656357,0.00620828220607383,0.312510828808485,0.0519011601030921,0.164500790412853,0.0376023589791072,0.0191841342881131,0.0104858895284242,0.018611165269649,0.00530888062761797,0.00557163033595403,0.00359793877763574,0.00278848901541909,0.0128828050307939,0.00446762207400501,0.00200728140667099,0.0111239083954562,0.00877213950232602,0.00495408769444771,7.07919661563996e-06,9.72798767341693e-07,0.0199943743612625,0.0128932990283021,0.000110180691736005,0.00345184749065943,0.0039051899912484,0.00136329098039556,0.00368736967553735,0.00251836766241422,0.00811813805518626,0.00568832509514502,0.0135219381516856,0.00078570157457138,5.28370954259069e-05,6.48978330888427e-05,0.0130523709164249,0.0110523990126552,0.0089894318711058,0.00617038663198615,0.00547455911303948,0.0169476857836588,0.0127060865111451,0.0137554365494156,0.0117081919924789,0.00658624875033694,0.0157687268235725,0.00600493001068112,0.00283364141622499,0.00247419389180511,0.0143354844770713,0.00175803791420509,0.00609998880843296,0.00299739156323845,0.00160776312083008,0.00423940445051541,0.00530939736403275,0.00261959612890725,0.00209109854750305,2.11232593153349e-06,0.00708850961031027,0.00897897964617906,0.000315486913718074,0.00439066853618409,0.002819836516725,0.00158783578398197
"Soybean.Oil..China",0.00621040906095464,0.00386248852287252,0.00540538968442633,0.00045469497437629,3.95820550848537e-06,0.000149803886661084,0.00229970926445121,0.00275056631015467,0.0381993826794685,0.230008745804932,0.0343781383951779,0.121823377086066,0.126251351027625,0.0119879985919352,0.0151361581901462,0.000147034116097747,0.00979837263729862,7.14323749585451e-05,0.00029944239855821,0.0209011690120915,0.000487919633491479,0.00245118634411942,0.00835629556560361,0.0144168519723045,0.00963538795628081,1.96720374565762e-05,0.00033818997684354,0.0143238077690138,0.0211583882470446,5.16036992461243e-05,0.00085346212360395,0.000539115511104308,0.00143755856093166,0.00135144084319596,0.000563003197896158,0.0246463734735514,0.000752529614738534,0.0113022430023372,0.000284213363461732,0.000359637684961945,0.000834675732608552,0.00968290524989281,0.00487556414364021,0.0115401552185661,0.00799698156458811,0.00598135371312845,0.0356925042941029,0.0144244513990843,0.018289716043082,0.0246304001009372,0.00433067318671926,0.0189471924615835,0.00272514369735899,0.000118833520746394,0.00165011629172697,0.000306883664212883,0.000115071319052469,0.00687704614459517,0.00107214841373548,0.00456392104850659,0.013413469464773,0.0147855558138698,0.00229320531774498,0.00110444060150747,4.29772387762186e-06,0.0240542173261825,0.0137941897178005,0.00188669190236464,0.00695670684443129,0.00173220854567351,0.00185077673295821
"Rapeseed.Meal..China",0.0125411878020619,0.00543988440296903,0.00591869519122499,0.000154560430752666,0.00199858077376303,0.00343777109094683,0.00646070230748814,0.00327262449631086,0.194816748445757,0.0553173514049051,0.370103653421722,0.0583694760236467,0.0234441922201483,0.00823798445752832,0.00986000694857517,0.00104566698374851,0.00198869167518326,0.00227171126244593,8.86622014698734e-05,0.0088841816725311,0.00149022707741371,0.00332638399259004,0.00612526209930898,0.00717252815404405,0.00556941832047672,9.36252747351149e-05,0.000381468975236358,0.00806107911272933,0.0109412176717,0.000149203771363151,0.000592296337406735,0.0029885192684366,0.000726214984454296,0.000145793018893625,0.00669546068088571,0.0125355385757801,0.00428957611616491,0.00982745754963532,0.000209667362790177,6.94117157953127e-05,0.000249099478000653,0.00879224929191691,0.00720784503241635,0.00460831311953242,0.00515843514652605,0.00307726195316501,0.011729467454987,0.0080860490345282,0.0121630583603148,0.00699356121010575,0.0077170465680331,0.0134265045496722,0.0071505453703177,0.00234742750088334,0.00953837848075486,0.00180886694126045,0.000493851187237616,0.00547858356860249,0.00279846320456635,0.00328365022267831,0.0035595806644248,0.00227879150190535,0.00169188906712114,0.00105716566858999,9.45424738661094e-07,0.00392346016047157,0.00362732492109388,0.00077424126326216,0.00215399905060325,0.00230265464996997,0.00147860667930126
"Rapeseed.Oil..China",0.00565225742654328,0.00434318538357895,0.00405579848066134,0.000552222380519188,0.000828726714844763,0.000115724583427138,0.000581864224978743,0.00293728249652931,0.0358288316327653,0.157713514717542,0.0469618339056171,0.297771155129295,0.0994504370075065,0.00592612868386505,0.00953093665053518,0.000495887704626837,0.00746963146778725,9.50803557421911e-05,0.00140711491745522,0.0174098599937662,3.93508770013982e-05,0.00257173982855479,0.00555201060254394,0.0181040491908052,0.0105267560674331,9.48497872463796e-05,0.000440748946942585,0.00735855623541564,0.0152002607902702,0.000626272834024179,7.9942538038486e-09,0.000107208006387033,0.000182898296381419,0.00046212324610485,0.000149516291117686,0.020282409877777,0.000331995607028337,0.00764031722877064,1.99295080200872e-05,0.000240999398694789,0.000888715638838229,0.00597537366088815,0.00590400508267598,0.00899551689666939,0.00997638819597957,0.00268426601435626,0.0358165876019233,0.0211370599941922,0.0143318809098204,0.0252233491668923,0.004831581244657,0.0149428886949229,0.0015840251774363,0.000120331705993065,0.0024461864706657,0.000438248407543751,0.000418819939350091,0.00295600203773109,2.25816029722178e-05,0.000501388600059094,0.0131456108561758,0.00957045290746178,0.00100694779336233,0.000119564248788676,9.49279387524028e-08,0.0161313968892183,0.00785455017534267,4.87829320343763e-06,0.00219043765443214,0.00133421294341629,0.000387181794732838
"Palm.Oil..China",0.00530993925618917,0.00347243965450533,0.00359982449330686,2.00466275811343e-05,2.23860472596343e-06,0.000540215128708188,0.00268960696979876,0.00237812737974722,0.0186704057038731,0.166943034915873,0.0192658653821066,0.101578241517782,0.304142155860708,0.00870605314281799,0.0142602029222573,2.86711604797875e-05,0.0061706075281255,3.86419103880658e-05,0.000855742629517348,0.0153480498032963,0.00110155117137036,0.00522542466671714,0.00483578147850045,0.0126323974454266,0.00952409010918355,7.75154925617443e-08,0.000646629609978534,0.0105829968538578,0.0144679627965911,0.000161813547659136,0.00311330472709175,0.000148445255420878,0.00191764118034682,0.00209529651046321,5.15151188301921e-06,0.0164104155040315,0.000234278019239797,0.0056123097437359,0.000195483503883625,1.78172443992029e-05,0.000443685551937625,0.00911568526083757,0.00648306312397841,0.0113022563042954,0.00510919324577493,0.00468167235266368,0.0317321266768749,0.0133120942016414,0.0160967836594869,0.0204945640838655,0.00421412261636163,0.0185023610690176,0.00169068006052756,0.000203118499551002,0.00297787290507423,0.000107329926267073,0.000570846001037962,0.00628607853903953,0.000319487634320559,0.00795908239242651,0.00894523334288577,0.0110372034759616,0.00347611389804183,0.00298298586036313,1.35666050932612e-05,0.0180107961539962,0.00796751899864011,0.00220827337742267,0.0104535532753449,0.00616976908745549,0.00418390283275413
"Pure.Benzene..China",0.0109530323746078,0.00539981328277238,0.0121996209557025,0.00357394466794578,0.00445711922338483,0.00425874065157683,0.00692400152884723,0.00796713184519056,0.00654320472178986,0.0101637186541127,0.00434058132256059,0.00388095630742366,0.00558206635908094,0.195007044955722,0.0544898937200504,0.00428779532583338,0.0841111928609955,0.00933252797015098,0.0171510921796801,0.0511184146592911,0.00170085350700134,0.00867681117334337,0.0525685104649263,0.00815856464918659,0.0342117560137588,0.000166439245604725,0.00302077655683453,0.0583391371796069,0.0386960053386802,0.0007547951087709,0.00366069236932763,0.00304845176590583,0.0052653790060034,0.00543962738725514,0.00141633762692736,0.0203886690204122,0.00549235098430245,0.0114337791698138,0.000101604057089355,0.00112584214439399,0.00239445148180723,0.0111284126265139,0.00649712683722335,0.0069744616997501,0.00791731277813467,0.00707950461101585,0.0188915156131727,0.0108499434117804,0.0136055288194955,0.014609257699951,0.00971001369954673,0.0169840148814949,0.00717387762981887,0.00128814146925632,0.000818450071929719,0.00168755169776954,0.0021833748980487,0.00339337588989033,0.00379452497758971,0.000103962378803617,0.0188500962960895,0.0152992620404092,0.00330541414553383,0.00171204728186741,0.00145491334264517,0.0190985346148535,0.0194629313235091,0.0017688731077011,0.00276778696684779,0.00153758555241486,0.00224947581927173
"Toluene..China",0.0183420016776887,0.013636869029755,0.0114826319681089,0.00130932295597313,0.00218999428234744,0.00170684926987149,0.0159180769447245,0.00796970090892058,0.0115373820917806,0.0127488229170068,0.0051612230654262,0.00620085731195934,0.00908338801140917,0.0541332922047953,0.193730848527924,0.00554898927998732,0.0281522814469108,0.0101632325874346,0.0210825170847243,0.0369225899235466,0.00304271238565926,0.0137000562711591,0.0327568086138088,0.00457225941696615,0.0251348737150322,0.000307485034635628,0.00109438864266046,0.130026915807091,0.0255954253262732,0.00263569005851541,0.00738813150539677,0.00768849110942716,0.00886723491088465,0.0160105556121119,0.00106764083938298,0.00966475436422751,0.00873073541528476,0.0124567357971655,0.00196031676639214,0.00328720443321109,0.00452966981476288,0.0190632398323524,0.0047136280794126,0.00566116140645942,0.0082021996833866,0.00779538417754026,0.0151351594277947,0.00890464846133748,0.0126562546280569,0.00936403908152542,0.0113625734602093,0.0130250422319432,0.00584055827167046,0.00136513315557449,0.000873900681216953,0.00476198783876904,0.00328057311630916,0.00727781527285477,0.00512546774900788,0.000120167058761985,0.0131672406146555,0.0117140498484898,0.0033730310411801,0.00131201388510783,0.000242201596799008,0.0148666663672122,0.015606791613304,0.00184494747162748,0.00238578038999973,0.000993219259812095,0.00242616696728534
"O.Xylene..China",0.0210679384304093,0.0155897425864141,0.0227042571493751,0.000546296231487549,0.000930125402724674,0.00283367840242349,0.00996849412559747,0.0111801339400252,0.00908272671836293,0.000341784310804889,0.00151059617716598,0.00089038753690904,5.04019117238992e-05,0.0117560683680388,0.0153141699704746,0.534660817165548,0.0114802797231246,0.0122249057596259,0.0105040858000499,0.00513262760693343,0.0112462102841907,0.00209953309749858,0.0269651129849446,0.00190455237210344,0.00592619031867201,0.00553221203442963,0.00381156373480384,0.0190661870278591,0.00517568419747477,0.00039134366431725,0.0131770987015869,0.00661780770266313,0.00614656770549086,0.0173839151349473,0.0152410635883699,0.00116632615932772,0.00453919544607589,0.0129311274591526,0.00306195857106427,0.0118073609883394,0.0130407275789563,0.00460703495611901,0.00486180060927179,0.00522859965173643,0.00815572395340311,0.00732594873969374,0.00669464132481116,0.000977446080052426,0.0110818588971042,0.0044389194212237,0.00420976348242921,0.00101766269680909,0.00746771308977174,0.00444749967508725,0.00317620498472715,0.00376807958314473,0.00496242558349799,0.0110992316436976,0.00578642493641873,0.00179794436900821,0.00332664981529338,0.000661762446176811,0.000836388654311772,2.12424965770139e-05,0.00112072978543446,0.00119793958607799,0.00328546666146705,0.000139817362107076,0.00124678771426645,0.000492877618722675,0.00156415811207097
"Styrene..China",0.00867083879445995,0.00439060897422575,0.0115212315835545,0.00103037041118958,0.00433294671310524,0.0074027294230676,0.00375273115372887,0.00412459409842628,0.00406979431309131,0.00972444532688813,0.00122658971980972,0.0057262695386237,0.00463133868391646,0.0984597497997974,0.0331718774229274,0.00490150386149229,0.228273362943137,0.0066832287771293,0.00719311594705116,0.0523973274618145,0.00272549472787158,0.00364543315519819,0.0442832168060592,0.00816595629229988,0.0249838347961023,5.75649581322468e-05,0.0026199146660692,0.0328957612939892,0.0480474051434008,0.00203352929090592,0.00185440266945822,0.0020334878297632,0.00176119788284807,0.00783548537597575,0.000369941008760007,0.0253101426715721,0.00220017727955603,0.0104185485771834,0.000206109247917375,0.00248855630564878,0.00373172886458723,0.0150458529537347,0.00605812727847695,0.0118057956449802,0.00934839706450994,0.00996575078734815,0.0220951272222715,0.0114649794928238,0.0193572691382578,0.0136905411062572,0.00810816403251001,0.0157478332239637,0.00456249489967903,0.000343480341508796,7.4325372428879e-05,0.000350538338232968,0.00235016244579193,0.00319784310044016,0.00274596641636365,5.57168601263102e-05,0.0217505242093882,0.0178859081827335,0.00561835797626898,0.00477412245344332,0.000502179041262935,0.0263996924331501,0.0233115879832149,0.00150039970516769,0.00493817563200135,0.00103582215124437,0.00656232072168454
"Butadiene..China",0.0211990051729549,0.014255499533911,0.0147964829142681,0.000326554621895201,0.00802746157032794,0.0020252186013433,0.0159318498260128,0.00923976958516232,0.00617416419617169,0.000166548304669775,0.00329169232937691,0.000171237015069597,6.81351859465882e-05,0.0256648349366365,0.0281334219865994,0.0122618680552509,0.0157007561111623,0.536277376963371,0.00215926238947176,0.00960192989711892,0.00826357886062368,0.00387120313345892,0.0311515740547925,0.00419192994856197,0.00573619979118743,0.000307444475401628,0.0223589974563772,0.0208637264624519,0.0113653371713953,0.000327321581346828,0.016887730084655,0.00582621155494925,0.0238774497685554,0.00461307318551235,0.00260779224517927,0.00262211761120422,0.00821767455931479,0.00444639169583931,0.000409671803503717,0.00943634113011698,0.0110655667630018,0.00357116822766679,2.27385849267451e-05,0.00115697516303354,0.00104542626733789,0.00247468274833135,0.00137435434142238,0.000190862271763192,0.00457437637235609,0.00232522549115107,0.00567631214760437,0.0022750825947876,0.00231906449350254,0.0117684438092526,0.00160764444614535,0.000271707654571545,0.000402152331071409,0.00710167581585555,0.0134475239287143,2.68060347512483e-05,0.000265461190010508,0.000332196962657413,0.000615367831317462,0.000344026712001011,0.0065113934611807,0.0010772713402061,0.00324345759052732,0.000984732991177303,7.01820958657733e-06,0.000252865580124442,0.000813582872815191
"P.Xylene..China",0.00741641496178618,0.00320389445732852,0.00203439433634935,0.00113248313600588,0.0039431397921646,0.00164660008038538,0.0228786957467045,0.010339058820548,0.00387912748652116,0.000638513379571702,0.000116087441748516,0.00210187881489331,0.00125563594749797,0.0381875161699289,0.0471837043966144,0.00851041107660374,0.0137600191441606,0.00174316550658889,0.432779303046409,0.0552155257535792,0.00298900289813098,0.0185460780515652,0.046839384679494,0.0101024074669763,0.0202722909501714,0.000457100492860051,0.00328206486299245,0.0550708482606704,0.00540140789390545,0.00108038892353928,0.0123790486792564,0.00220605276614336,0.00667107457335719,0.0205231733633164,0.000370472618364328,0.00812591510773077,0.00875468241166928,0.0265839414884258,8.12010436608685e-06,0.00267436088474768,0.00174996978222497,0.0122882023038601,0.00114099445691912,5.1514172226234e-05,0.000350301519055305,0.000548680088960955,0.00915811168138428,0.0017124179365573,0.000882445861321145,0.00751772411862934,0.00131178879313703,0.00246144570518365,0.00630538130739813,5.10412269199507e-06,0.00256543466771912,0.00806743159122681,0.0104597603469721,0.00667497490432835,0.000500675676767047,0.000719875683194392,0.0028230961498846,0.00104235864231525,0.00100026052507594,0.000306637490561083,0.000217342258230543,0.00373847820984745,0.00245359515784165,0.0013124420903698,0.000937652870094927,0.000272731102628566,0.00111978481032044
"PTA..China",0.0044529989575922,0.00253878936846428,0.00429350043778408,2.69038461435244e-06,0.00124688616797868,0.00256988222691866,0.00308131183539156,0.00383915881468534,0.0083706699825163,0.018451899635558,0.00487426251165182,0.0118720989989801,0.0102468749497781,0.0532282185960492,0.0386997565239581,0.0019492890996022,0.0466088895232186,0.00363566543160412,0.0258439205095944,0.203055546339917,0.00138819366752544,0.00440682965753105,0.024797309549071,0.012830996467251,0.0272743065684118,2.5753070591783e-07,0.0005261706425132,0.0507095469955467,0.058451983168541,0.000219502946938816,0.00184524708095566,0.000754233912578054,0.00189921962449913,0.00384496384156181,5.06203910614558e-05,0.0302367293490505,0.00250314882277168,0.0102006625746218,0.00152125385175272,0.000435018345016433,0.000549951439968365,0.0308498642483561,0.00559281714480995,0.00974840633650141,0.013908250892699,0.00661360738691586,0.0244048366301134,0.0163565749210459,0.0165135842595978,0.0211112661809626,0.00959585259689339,0.0145092186997113,0.00372807248731413,0.000245986107476173,0.000624046160828746,0.00164069859276835,0.00193542836124691,0.00104880383137995,0.000842103563534983,7.02470071346581e-05,0.0211319069371307,0.0299335188161513,0.00382408987615204,0.00261758428914122,0.00133569800785157,0.0336497406061217,0.0301771748890543,0.00353565665355119,0.00521057378232564,0.00221755096718761,0.00371838304231182
"Epoxy.Ethane..China",0.0261140662004981,0.026060208383496,0.0206389466669528,3.06303001107699e-05,0.00513367595110095,0.00568894588401091,0.0240221696650127,0.00945616118187162,0.00734612355040948,0.00109006103334945,0.00206907364511717,6.79076436438763e-05,0.00186112236235355,0.00448191359197527,0.00807065889872848,0.0108087311053985,0.00613531662389071,0.0079181836501284,0.00354878520723221,0.00351303173747284,0.51386243537157,0.00401346613345751,0.0132264522957082,0.00298312104356253,0.0216159164073031,0.000223496486006665,0.00431600860206351,0.00879018638023828,0.00468210667702725,0.00616072051476258,0.0184739083566981,0.00511687631469359,0.00878058221662026,0.00889062532287809,0.00471324498533769,0.00668606276540888,0.00334435916259203,0.00248976042951861,0.00634955007507756,0.0107300701662306,0.00930505638723733,0.0236429159727823,0.00372546876899306,0.00696640001911273,0.00279577549739457,0.0152749968788982,0.00488429327195357,0.0036234401323741,0.0108604980499245,0.00730536467052306,0.00841205756799854,0.00283561288135233,0.0167195291600827,0.00708708208888149,0.0112421240685985,0.0133399674996186,0.00212443373276833,0.00742633571129181,0.00851593497383508,0.000882962921013838,8.41410953704655e-05,3.22938279281189e-05,0.000147556175329515,0.000268202745172112,0.000713070357679243,2.10305180869983e-06,0.00019137376107385,0.000168008492565691,0.000782567824420318,7.33711400562851e-05,0.00106239828445232
"Propylene..China",0.0205147119660742,0.0121458643549127,0.00916954733070953,0.00139656774222581,0.00151157687329224,0.00606593080157547,0.0204079383605451,0.00300164622539898,0.00308851118336497,0.00512434033343635,0.0043217037902468,0.00415288966009507,0.00826134878784119,0.0213951744635768,0.0340039647622687,0.00188821026661885,0.00767891551417278,0.00347106280066768,0.020599667372175,0.0104355992813059,0.00375559471259858,0.480845977295433,0.0193284324527381,0.00262121796524087,0.0343173970992062,3.98091210142826e-05,0.00357336932634509,0.0189648999414644,0.00785385274216124,0.00435410170538502,0.00514026488493197,0.00309738067885615,0.0126921282273215,0.00993521473478512,0.00481056985994758,0.0108037390221292,0.0146574678897014,0.00825744549635313,0.00450933174636187,0.00783526832682509,0.00694149082483717,0.0138858780871823,0.00253724577637659,0.00399094700382778,0.00325533557675223,0.00585469118447466,0.00827181550566325,0.00636598453111969,0.00409184776920501,0.0142740019307646,0.00267249033287725,0.0093808998784149,0.0123921418940285,0.00383520830333144,0.000304010502062694,0.00743912675268899,0.0105996063164231,0.00670416912189303,0.00129933061113405,0.00121084313936194,0.00216858338607572,0.00116473072963715,7.23465360769286e-07,0.000105907857216728,0.00060426994883067,0.00112819255349527,0.00167281509638948,0.00268940477846085,0.00296560447274596,0.00248796370388764,0.00367610386617667
"Polystyrene..China",0.0249770582735814,0.0144880924446286,0.0204730571941242,0.00267532086514063,0.0039564158766384,0.0113376982345457,0.0199916496994107,0.0132961027214436,0.00770437061096199,0.00786347074993161,0.00358216954629299,0.00403564070557096,0.00344139782790836,0.0583472246141088,0.036597181123675,0.0109161305090109,0.0419883450096708,0.0125728968411269,0.0234101214653363,0.0264322747368003,0.00557110484637334,0.00870032507182543,0.216443641882465,0.01110580594948,0.0504656463570679,0.00174765401600391,0.00488451582010661,0.0344232676910829,0.021765626866179,0.00436314090381737,0.00801382328173869,0.00776192549846422,0.0114694852174953,0.0124368937434896,0.00233758180546777,0.0144999662245116,0.011177509367287,0.0118029727370082,0.000761812421313565,0.00815841805584595,0.00800849450402463,0.0137848815428014,0.00500706960229,0.0052734373607734,0.0063004533366288,0.0101234190246385,0.0144145385808306,0.00789781284008322,0.013964500039037,0.00980008275621307,0.00682568388690907,0.0122536880803743,0.0186254319413455,0.00325943373692793,0.00359882834461379,0.00423698015549554,0.0055048524372064,0.0133806515430613,0.00991739503784023,0.00116866399231303,0.00526794987336419,0.00480831798651959,2.17094606668328e-05,8.07183132191285e-06,0.000177003478744717,0.0046491790445949,0.00780676501848432,0.00346823307574906,0.00179115969700842,0.000484480560597168,0.00219309442260994
"Natural.Rubber..China",0.0170945058415517,0.00977749970626814,0.0165368676643408,0.000182353356846775,0.0106211575100202,0.0147557446457293,0.013427854837446,0.00272583723627096,0.0091910937198166,0.0205235661294946,0.00634564284844275,0.0199076423998452,0.0135999056905728,0.0136990418880735,0.007727852390219,0.00116638331198955,0.011713280667628,0.0025594772617597,0.00762911391677988,0.0206905609208525,0.00190086266390734,0.00178494107790758,0.0168008782123962,0.327436233233036,0.0275539467369779,0.000997994979471674,0.00147709956128603,0.0144524929851258,0.0224240650138416,0.00123736218328257,0.00418123690365538,0.00114318245027678,0.00465603380357447,0.00461210506329162,0.00223947576261923,0.0313749917007235,0.00267562771719891,0.0151306449941326,0.000930288418455822,0.000178364081390599,5.46732967692211e-05,0.0440335091714626,0.00754223264398182,0.0125699444969384,0.00298255842063406,0.00639678345416118,0.043536515925427,0.0141482858273082,0.0325504122697486,0.0261647568575374,0.0038920522333501,0.0252159070410134,0.012544312335631,0.00280101815403801,0.000815267235247563,0.00124862492086159,0.00457765308648708,0.00426095331375211,0.0130797170288283,0.000119393486968439,0.00482125112942909,0.00850742171792297,0.000492655902887125,0.000258399708902874,9.71033714926054e-05,0.00822854675161288,0.00847040987541907,0.000503103243361602,0.0047099532392004,0.00171460280610174,0.000598771567024409
"PP..China",0.0266308496698434,0.0156618143030864,0.0164959136717281,0.00039536162025713,0.00651199452686096,0.00813709822147153,0.0233307272689347,0.00832579828921503,0.00341879041802901,0.00903438750710374,0.00324534091953639,0.00762405099375835,0.00675337295739187,0.0378354517428631,0.027980262573112,0.00239040283741203,0.0236035714734425,0.00230679314227077,0.0100783757864138,0.0289676136855329,0.00907194983715302,0.0153915448360868,0.0502834266823169,0.018148090559275,0.215662114390541,0.000162120840518653,0.00223348052491885,0.0307978322536358,0.0400354190514214,0.00244693595206354,0.00567146168645067,0.00624190300717182,0.00919759802148509,0.00894847988033189,0.00367344967487243,0.036710432719539,0.00499923753127527,0.0113190362845296,0.00172490649895065,0.00306297878928226,0.00329506477931752,0.0262948225435979,0.009937392371626,0.0075208636679077,0.0106478776401925,0.00948456374239557,0.0217441531952467,0.0197028889229518,0.0212207241221085,0.0192214546753499,0.00825448308741141,0.0144401256677917,0.0132514989222,0.00948474729567698,0.00323995448357212,0.00278151005097935,0.00399040332586176,0.00385941808085653,0.00510142052925557,8.84271208337858e-06,0.00798680297784879,0.00798486359918819,0.0013515462805572,0.00174443388153018,0.000712275472992351,0.00865518215561695,0.00833459472429628,0.000631154535109529,0.00267064085435807,0.000441929541622106,0.00149399553041341
"Causticsoda..China",0.0196741000069116,0.010550951103744,0.010762244388882,0.000522308350112561,0.0326902855201101,0.0237338409207849,0.0116367952343084,0.00851011849902085,1.6377670050802e-05,6.1835546930779e-05,0.000182895469019264,0.000230296293914261,1.84265955984365e-07,0.000617075993414706,0.00114751511940525,0.00748089695953736,0.000182320779866844,0.000414486538769759,0.000760627983955329,9.16953632836103e-07,0.00031445394097454,5.9856292754524e-05,0.00583772778956204,0.00220361050747015,0.000543498314434115,0.722991536952159,0.00298213145103105,0.00060233322115598,0.000876182810307801,0.00179918337680626,0.000275716865624092,0.00219816011756787,7.0472257210279e-05,0.000726530156403634,0.000765778377849484,0.00131252172089795,0.00051906343258003,0.000405894657088013,7.53891405826599e-05,0.00527433788858243,0.00767757391777664,0.000175598888323467,0.0100404428240706,0.0113737844428925,0.00576731312366287,0.0194793329730459,0.00168205653881432,0.000167350027409975,0.00253612420387426,0.000887548188207442,0.0148428762310495,0.00154244049431418,0.00552457123754705,0.00123075714620757,0.0108971858534114,0.000161776282533893,0.00110645359583308,0.00455298268236127,0.000251879506303135,0.000606625236913062,0.00100595563859301,0.000549257100243961,0.000766867804616218,0.000378318843626866,0.000165137378395764,3.15604514951242e-09,0.000365316608622855,0.00509019511050392,0.00541342873675431,0.00204776236498586,0.00470263099369089
"Potassic.Fertilizers..China",0.0465123548272309,0.0457514967005723,0.0170641820496069,0.00208100805355458,0.00453172551742105,0.0108559774901611,0.0141430502751489,0.0256019006861496,1.42484033205179e-06,0.00067301484088181,0.00047178497905725,0.000677511882787419,0.000973166670445732,0.00709049507895983,0.00258571738678322,0.00326312031747924,0.00525339635082831,0.0190840747525133,0.00347128380072574,0.00118609647613869,0.00384453385564384,0.00340157598664017,0.0103296343069803,0.00206486323880935,0.00474041725337882,0.00188799929754204,0.457728821250511,0.00373511919640479,0.00143603381917294,0.00588376692610705,0.00971709487105478,0.0176092698618481,0.0161077136093098,0.0121501036878721,0.0040270040185841,0.00562034660319799,0.0185804588071053,0.00458323472075107,0.00573757119085663,0.0230445070204632,0.0289176935530387,0.0072970123984875,0.00373538699387097,0.00620294484824681,0.000813532927426074,0.00644537984697565,0.00329410509772052,0.000703245351376765,0.00296354468887095,0.00644426291385546,0.00532064946469136,0.000952655601929343,0.0175709310645601,0.0132616952240018,0.000305104542620627,5.25822857917195e-05,0.000692951230570362,0.0304254468016529,0.0204639394355028,0.0010698468701232,8.97316801825299e-06,0.00121911174678569,4.15842381681159e-06,1.74349239020325e-05,6.08256296155505e-05,0.00238850264826733,0.000317500480780694,0.0030292977251146,0.006184886660726,0.00426726763890603,0.00206627731374211
"Xylene..China",0.0168342203314135,0.0115668078332291,0.0105383725864682,0.00160872321489366,0.00273307034730647,0.00128083382325212,0.0108376838897249,0.00876315503937829,0.0119102064587796,0.0115928622476484,0.00405458446892906,0.00460030396651149,0.00647751739952957,0.0556911571479364,0.124942738893403,0.00663837882704665,0.0268263289620203,0.0072423405927522,0.0236363597219775,0.0464891296579286,0.00318440101766268,0.00734211376980908,0.0296062773066914,0.00821660809180202,0.0265841532367761,0.000155088696059203,0.00151905237487683,0.186155786845955,0.0265323441447212,0.00123627668747631,0.00840904100061964,0.00497034882541951,0.00830746973997308,0.0140211483091032,0.000665137906705342,0.00961044087275642,0.00673203340961115,0.0146350802950225,0.00180224018536182,0.00122885248928621,0.00124894703954519,0.0192030745353513,0.00713630858966088,0.00545114787116333,0.0108557026422668,0.00756300190608022,0.0143736293169267,0.00595635372571607,0.0142287959373592,0.0100913231298307,0.0106407872140714,0.0121980152556155,0.00635973648147182,0.00115364039177118,0.00164561796699365,0.0042969462518737,0.00309016238310135,0.0108647291711521,0.00383619988831675,3.52335797776277e-05,0.017487803593172,0.0157007943508097,0.00560051523567634,0.00288502968022954,0.00048883630553304,0.0206457721568619,0.0181147517902741,0.0046675220202076,0.00285205025829058,0.00227973349389752,0.00386916722118491
"Glycol..China",0.00871402362271981,0.00492156984053861,0.0111324960510962,2.07368322447144e-06,0.00267922297403016,0.00310236433226746,0.00542899568115639,0.00246872252265094,0.0088592762806773,0.0197532014661895,0.00634806766245053,0.0109614416051806,0.0102148036821884,0.0426103492755196,0.0283702283333832,0.00207868495409961,0.045197453039201,0.00455084568146023,0.00263101752990327,0.0618135455850084,0.00195656236126904,0.00350732513861062,0.0215936276324856,0.0147057395276255,0.0398629817607802,0.00026023204584665,0.000673683126597079,0.0306054198508326,0.214733232126272,0.000720813897951908,0.00231430706582167,0.000461446471754365,0.00571722323132527,0.00485831514482445,0.000228264319082618,0.0494980591965445,0.00138045878456365,0.0239970847080975,0.00141433014025599,0.00130549114996661,0.00203273387201561,0.0317489357601419,0.0055544666590182,0.0105987158188554,0.00886979951190415,0.00538714044415293,0.0250030595157974,0.0203189901402145,0.0218942253808702,0.0236490183179185,0.0101030018604886,0.0181899086588523,0.00471486685266828,0.00214569894173244,3.39812689788707e-05,0.00101796554880956,0.000603566421016471,0.00300718677582429,0.00317114589595765,6.87904770911261e-05,0.0164794940229353,0.02311556210262,0.00363457758985732,0.00160185907616109,0.000557737944699651,0.0260713284714014,0.0210935246519142,0.00136797268903356,0.00457531640329289,0.000687979428305201,0.00106846801401782
"Acrylamide..China",0.028481282092393,0.0202900954412911,0.0218579922813759,0.00612484760399795,0.00334688021658267,0.0148247961313625,0.010674042513253,0.0147804782301214,0.000210380030658413,0.000133875336571517,0.000240558395652308,0.00125500379204194,0.000317469749773228,0.00230963241456805,0.00811819815941596,0.000436761188854018,0.00531568558960553,0.000364207809821147,0.00148850239262769,0.000645044369759189,0.00715399655122067,0.00540327003239982,0.0120286945201384,0.00225493586052782,0.00677037669996867,0.0014849311110585,0.0076702813041668,0.00396280980298922,0.00200303242955071,0.596711063525942,0.00114793470760383,0.035163200254211,3.49879437084925e-05,0.00236675322831132,0.000241545403516321,0.0074854650922478,0.00581161205440155,0.00502730910810208,0.00257627872745644,0.0123509917930922,0.0112529640100853,0.012431786779994,0.00640768757349649,0.00812983731812053,0.00188713611678935,0.00849001155326595,0.0151788021350295,6.78421192234453e-06,0.00149612181615759,0.00105425081111215,0.00687404683760658,0.00648720588784594,0.0227110121419601,0.00729136947174204,0.000151218903093992,1.95492072451387e-06,9.16371980165439e-05,0.00953297252017736,0.00970686965961697,0.000150169982920523,0.000383745540975129,0.000142784824814816,2.04864484069834e-07,4.91437570713195e-06,2.98918694332055e-05,0.000118632856586321,0.00117055047145929,0.00176238756344444,0.00344143668863647,0.0039632569572463,0.000783150247194586
"Acrylic.Acid..China",0.0174801049456428,0.0105150055894755,0.00918746779939011,0.00035219618693568,0.00428824888261287,0.00537659986352616,0.0272911464076196,0.00688388392401259,0.00445606228581571,0.00149694080180023,0.000645625089049697,1.08307873846413e-08,0.00412961661830186,0.00757316914071329,0.015385108391306,0.00994274188060502,0.00327727987222471,0.0127041767227208,0.0115367315173527,0.00366610073730244,0.0145036275257719,0.00431265022215959,0.014936871759399,0.0051516074557438,0.010609278928984,0.000153849058532148,0.00856432042873509,0.0182236200718532,0.00434796905080941,0.000776100245212984,0.403426779986872,0.0197392338822366,0.216372458533045,0.00951738506523111,0.0113344463946022,0.00353186538514215,0.00833980413273265,0.0106384100515697,0.00181721061461543,0.00253151163703134,0.00715243734126618,0.00589730869980354,0.00391343960231633,0.0013174211913121,0.000482099284000927,0.00210051661415789,0.00438070879584016,0.00379071799887505,0.00386222342326481,0.000924714276238098,0.0034859979632787,0.00823921809071681,0.00757472912402216,0.00183975701259575,0.00169290408434888,0.0021949228962237,0.00269693144685979,0.00444167742050166,0.00323372482699908,0.000703750275325203,0.000958730682045412,0.000862915224220907,3.05788536576386e-06,2.69141152788189e-05,0.000263565099431504,0.000751499635786386,0.000762886554787188,1.38080486750338e-05,0.000159972873100188,0.000541092925671871,0.000713138670215516
"Acrylonitrile..China",0.0369943304079196,0.0170152831552752,0.0208739811115079,0.00233021411394272,0.0105178202820748,0.012821718367133,0.0240350646819444,0.0142132421331981,0.00592721007518501,0.00111175911939146,0.00383006294302715,0.000170772453295733,0.000231506358832385,0.00741484794801383,0.0188241579797278,0.00587095847640115,0.00422531959480999,0.00515311692526773,0.00241686821067536,0.00176183170998811,0.00472314492400364,0.00305535600572238,0.0170097472434237,0.00165600649647696,0.0137282879591302,0.0014421131380479,0.0182476235649975,0.0126643688531723,0.00101928419879511,0.0279510113762727,0.0232080575157903,0.474321950345348,0.0160031316618538,0.00050557084184023,0.0269085795395641,0.00357002924366346,0.00436590063790422,0.00813786496504917,0.00668735447447603,0.00913679321557842,0.0135654388297115,0.00349391300860045,0.00480434328350227,0.00414088088772211,0.00321038080183209,0.0091045946212891,0.00487909618139382,1.18433449932272e-05,0.00048368823307822,0.00341934836325543,0.00869979023036467,7.8649964144082e-06,0.0178637710870411,0.0184258039234677,0.00353552683354957,0.00277271592763931,1.06632923555881e-05,0.0121496032726141,0.0115352083743951,0.00020501793139541,0.000323167771836611,0.000812733413966886,0.00067618771808505,0.000304719016242059,6.8390456429798e-05,0.000159810937813781,0.00247567540997665,0.00126350163356646,0.00100443033212103,0.000192232108969961,0.000317415527655061
"Butyl.Acrylate..China",0.0224102281468956,0.0131593375587572,0.0117852521793757,0.00173193685147197,0.004546146454565,0.00459889710865577,0.0293847604332543,0.00506698176797484,0.00165916671060905,0.00237710152250279,0.000746291281966975,0.000233611151066564,0.00239804463326151,0.0102694189343688,0.0174082841949234,0.00437240967630759,0.00293440093611797,0.0169342122316785,0.00586238740390131,0.00355735221856447,0.00649894673707978,0.0100391050488171,0.0201542029705818,0.00540823960028237,0.0162206069529018,3.707246835799e-05,0.0133841925259112,0.0169730058740449,0.010126338096067,2.23008216145635e-05,0.203987610492371,0.0128321163857178,0.380335211866095,0.00391324335208111,0.0124146604537089,0.00740637998192179,0.0106938605212622,0.00997134801949965,0.00216768595897806,0.00270486242916719,0.00429874642655052,0.00789272020645187,0.000860108627633162,0.0025426338632262,0.000110228277637825,0.00315796170719736,0.00426714634966084,0.00542926853841579,0.00895608174296882,0.00313231017469566,0.00551916354250423,0.00759089727492546,0.00614617616128681,0.0023855772689455,0.00115046981415403,0.00287635880622811,0.00543437579482202,0.00573771127564549,0.00730393471432103,0.000247439659900254,0.000115695680096164,0.000651083789089777,8.31709345802757e-05,0.000198136303099343,0.000727286356598399,0.00110084677243957,0.00192992767207402,0.000190605331231568,0.00174237547546425,0.00110610772302174,0.000388241782453252
"PET.Chips..China",0.0195416011180178,0.008631080183809,0.0171205463635735,0.000205654263368123,0.00481236524878484,0.00170184635890364,0.021188942908861,0.0255802239373501,0.00536834055465402,0.00267325962825013,0.000179226327658223,0.00070609581777749,0.00313442093395989,0.0126913347682221,0.0376007123113109,0.0147930486282105,0.0156170541797435,0.00391371608958131,0.0215753899092989,0.00861520970240865,0.00787179701834213,0.00940068976340203,0.0261430070876695,0.00640856665630623,0.0188783423128767,0.000457202799896752,0.0120770308235994,0.0342685312819929,0.0102937797403495,0.00180458497706596,0.0107335001456108,0.000484950314191896,0.00468121697181506,0.454975959473511,0.00296367241933612,0.00198095740394118,0.00823180745333743,0.00906596861282261,0.00824291297490822,0.0107082731690918,0.0109329440604199,0.0167861199067942,0.000207194442998946,0.00230985031072686,0.00550318780177521,0.00681499827434576,0.00828585587500479,0.00683430821672714,0.00480150464012421,0.0071258109919423,0.00144515139728379,0.0108070279035539,0.00817683798445636,0.00512429894984482,1.80413902447126e-05,0.00282231262863179,0.0116772361150179,0.0115750878589491,0.0057989050539079,0.00168313561191837,0.000204031990972316,0.000423131654152273,0.000409993353370807,0.000341141966290912,0.00280576211014123,6.31974571627608e-05,1.5348821862899e-06,0.000423849794918929,0.000531290313273839,9.07183928894184e-05,0.000652718036162885
"Methyl.Methacrylate..China",0.0394351657230242,0.00966880708411177,0.0320664635804184,0.00171153141351226,0.00587091557061503,0.00810869035022471,0.0145442118923388,0.0138454303832545,0.00483436647786442,0.00146842584003144,0.010852819953538,0.000301225265734008,1.01611670749083e-05,0.00435714485092046,0.00330606892723857,0.017101036093587,0.000972215959347551,0.00291721890559179,0.000513042320167797,0.000149553350052032,0.00550248224266292,0.00600172435169609,0.00647899271927869,0.00410303420328226,0.0102184668912995,0.000635411970760729,0.00527787755377089,0.00214348606487678,0.000637711539648596,0.000242839982997693,0.0168547026604072,0.0340332211619636,0.0195818544222086,0.00390775435166243,0.599909178198807,0.000569211977858019,0.00810912938548712,0.00146031356762107,0.00059011520675156,0.00148135674317287,0.00160970055023435,2.48999343495979e-05,0.000452359677545193,0.00193335174059757,0.00249084832973362,0.00491256380662556,0.00632297169612621,0.000359899339800422,0.00214421571774356,0.00529390611390014,0.00459750829214008,0.00314577584273442,0.0154192085573161,0.0109437569540814,0.00551945252902016,0.00450454290228323,3.6708287752087e-05,0.00634722557949239,0.0136577506902358,0.000462348764962081,0.000169565938642833,0.000839128833735215,2.95734833117877e-05,2.90124651217008e-07,0.000812563418111147,0.00157235340155164,6.31206887623773e-05,0.0049661034199694,0.000342333213696087,0.000848010793262003,0.000404601072770768
"PVC..China",0.0159236149890565,0.0122452244907126,0.0145400497013649,5.27067813419548e-05,0.0030392318070958,0.00963572177570081,0.0070841174330314,0.0130313026310724,0.00602212196157248,0.0248408733243786,0.00785195515106486,0.0157904720796215,0.0125083821783247,0.024237998785201,0.0115651221685656,0.00050570802269589,0.0257038122996743,0.00113349830689914,0.00433823773052373,0.0345205845270265,0.0030163502086356,0.0052086632743321,0.0155303177928754,0.0222134016231422,0.0394615218290296,0.000420854010825912,0.0028465120387257,0.0119680929829907,0.0534376184176444,0.00290812375622525,0.00202953994448808,0.00174484452619503,0.00451437507791501,0.00100935717003019,0.000219961518288125,0.23182388776876,0.00594495279710402,0.0257945774654891,0.000202629978487669,0.00388414920694226,0.00374364122659139,0.0625251120725037,0.00649117790443071,0.0134747589041724,0.00735077406371217,0.00680945251484761,0.0405406945117161,0.0159486135206441,0.0274329037770743,0.0285034077161905,0.0145035655662248,0.0203507464686613,0.00765542225741999,0.00144261522005644,0.00099297135757995,0.000153155140631359,0.000138987226043116,0.0040898898718009,0.00378302296950862,0.000892033437704552,0.00486456791988683,0.00862324626311985,0.00225008693617588,0.00327812717560267,0.000337532422763451,0.0105329495448858,0.0111400422563731,0.00171895832223987,0.00966718596334661,0.000816665152498787,0.00119722478254218
"Urea..China",0.0426504077001457,0.0187662395393407,0.0154741241026109,9.19723274578872e-05,0.00427640143968335,0.00510590130977361,0.0127317488054997,0.016588784925479,0.00816228796472638,0.0014671408860664,0.0051973693465866,0.000499968088880102,0.000345420014290961,0.0126299187229315,0.020208990549865,0.00380708961035675,0.00432210201094935,0.00687150767544488,0.00907112476601342,0.00552795359769946,0.00291849272578514,0.0136692768207633,0.0231575592588895,0.00366430423841149,0.0103949519846725,0.000321943599278199,0.0182029069545616,0.0162166930213843,0.00288281489939371,0.00436742142363398,0.00927008468249265,0.0041275581340979,0.0126084167404075,0.00811333350334534,0.00606151658532901,0.0114996017469155,0.448427847242288,0.00417103880551095,0.00638864622157395,0.0247284137929015,0.0298544684507248,0.0130350620943978,0.0155408461823746,0.00397861952331978,0.00146198829485523,0.00655296749817724,0.00905039904321377,0.00336272086864252,0.00588816228286159,0.00454217617878513,0.00831975521806164,0.0129071949704329,0.023095675839448,0.00762768820951129,0.00387864579231222,0.000871780372236699,0.00134473219044159,0.00787195789329275,0.0058580789190342,0.000375520722432824,6.54112908124825e-05,9.48329982870491e-06,0.00141837685838708,0.000434655916177173,4.54735642442023e-05,0.00031885004595159,0.000380711957414855,0.00078886145559895,0.0020897594403504,0.00351526195092157,0.000525437910318716
"Methanol..China",0.0111165104935909,0.00801305054742966,0.00737772269655312,2.86988985752804e-05,0.000919685221681822,0.000831296088349173,0.00727232092282583,0.00674149632932604,0.0152896844754296,0.0173638065774701,0.00938301591721596,0.00906678701673615,0.00652063154178906,0.0207187785015632,0.0227211401937977,0.00854638953045729,0.0161278558387807,0.00292983316333387,0.0216917240489473,0.0177516274190967,0.00171212448514236,0.00606826275431608,0.0192695343457992,0.0163288407965315,0.0185464264690863,0.000198383144430083,0.00353824978564603,0.027780702070484,0.0394897034307838,0.00297711867912521,0.00931829919489587,0.00606264173382049,0.00926428673401242,0.00704126047530888,0.000860171922905123,0.0393183135846271,0.00328682290456648,0.353365909090562,0.000945628710195696,0.00358439728527508,0.00204389066620603,0.0421544243978765,0.00212083865932893,0.004154253339327,0.000151887019512426,0.00367408257364578,0.0258265463131202,0.0120458836420133,0.0166455582710553,0.0165046116178605,0.0100249016008041,0.0162542312244074,0.00878076074644801,0.00453406845970534,0.000854652249285128,0.00656043896364771,0.00503570669073205,0.00621242357216939,0.0055665269081191,0.000750755446255323,0.00483750733765352,0.00310086647311455,0.000823802044898343,0.000349651499663722,1.40337752256e-05,0.00608787500414137,0.00786522561576366,0.00183148063878855,0.00407989337418941,0.000557388489938609,0.00118670036463988
"Metallurgical.Coke..China",0.0157376058320872,0.0201238484119194,0.00940934810944099,4.26396639259713e-05,0.00378824423708539,0.00521881650774222,0.0125672695152849,0.00565559030922756,0.00136350772162592,0.000670139462933566,0.000307236287998137,3.62976911567337e-05,0.000348576852162068,0.000282569834652971,0.0054877273087959,0.00310588950622152,0.000489674276763236,0.000414296864240803,1.35888744029111e-06,0.00406304734756158,0.0067013319410698,0.0050859401920586,0.00190883445561783,0.00154083426449495,0.00433767239501883,5.65510441067347e-05,0.00679805818105899,0.00525050621356378,0.00357204222798619,0.00234149808176373,0.00244289944014334,0.00764620909440035,0.0030909706313665,0.00982556004824964,0.000533477796509721,0.000474035167824154,0.00772647340087131,0.00145131288002216,0.542331773236602,0.0866196832719139,0.144320834264265,0.00850609518390534,0.000209244654181091,0.00372891811608432,0.00259061056508628,2.651555327391e-05,0.000615865075391932,2.39570955271573e-05,0.000562387157553513,0.00197787823512385,0.00201263722756989,0.00131736774617845,0.0125820553614547,0.00565309069471429,0.00587322097015003,0.0022858187980126,0.000185065614480053,0.00141921961161306,0.00572377504395833,0.00174249886798195,0.00296522264304624,0.00163834308869567,0.00039086344369215,4.23777934718073e-05,0.000246036443297169,0.000621967477463686,3.11028700187115e-05,0.00015841395399813,0.00346930288256749,5.30795150402216e-06,0.000224657022829973
"Hard.Coking.Coal..China",0.028239904839909,0.0346492899774177,0.0214167168678371,0.00209760993606008,0.00325383912307214,0.00406647607799965,0.0175433817688147,0.0228731838113198,5.51202461212363e-05,0.000509751047454851,6.11429925853888e-05,0.000263858212892823,1.90985853805441e-05,0.00188219443022606,0.00553178403552205,0.00719965633801694,0.00355409897441621,0.00573655866634625,0.00201462805667142,0.000698441439366586,0.00680758345962129,0.00531233152525314,0.0122884867727274,0.0001775897717995,0.00463028170221976,0.0023783294746705,0.0164133203597927,0.00215209032775696,0.00198203789820298,0.00674799926103048,0.00204574965961274,0.00627997415284716,0.0023185471391891,0.00767305436636434,0.000805028833534965,0.00546229313817785,0.0179779831224331,0.0033069587244747,0.0520701496445488,0.326014775426683,0.250667616796848,0.0236734412630359,5.35983878311045e-05,0.000171006871771419,0.000797897403189964,0.000507054231614811,0.00368932205853578,0.000533395667843572,0.00467946882002132,0.00866353138910494,0.00301205311488918,0.00373318281985786,0.0146048155210296,0.0129068371908967,0.00737558087481675,0.00140626078106146,6.39974634211322e-05,0.00742794432087216,0.00961301551182837,0.000148348808434626,6.66451624559507e-07,0.000167730374118067,5.24079815716093e-05,1.48203590256076e-05,3.81086696491787e-06,0.00044786283513203,4.06186539173828e-05,7.27395454702858e-05,5.53669482270245e-05,0.000240989230666442,0.00066331726800652
"Coking.Coal..China",0.0282831585177886,0.0358816772754871,0.0199058612319004,0.00199408693688647,0.00527764111751896,0.00539256332811874,0.0144744344843358,0.0234676985463034,6.35081148454729e-05,0.00110978163358522,0.000205832306793706,0.000912734135128582,0.00044613137068362,0.00375508555410553,0.00715042508847981,0.00745911942934895,0.0049994121445773,0.00631027494514028,0.00123659486116975,0.00082827314985076,0.00553778683369247,0.00441479826116971,0.0113154061025998,5.10637403110232e-05,0.00467255254845494,0.00324754283996026,0.0193205501234741,0.0020517837110194,0.00289497860809012,0.00576722554015593,0.00542192410377479,0.0087463070610277,0.00345652250664473,0.0073487381430876,0.000820585204375964,0.00493855770235988,0.0203601449148447,0.00176887485216891,0.0813819473750386,0.235139204560739,0.305818740962483,0.016486120721194,0.000494935304925648,2.94278523334634e-05,0.00109958495812083,0.000348368144349003,0.000992396956952647,1.21412513046273e-06,0.00309998060371473,0.00569685623356599,0.00359692486262945,0.00222516444938676,0.0225547922947038,0.0123236723810661,0.00760130556829028,0.000461525941547661,3.39057226690938e-05,0.00700739462649953,0.0110561701756223,2.02673210268834e-05,4.90758317567856e-06,0.000372170309944809,8.67858887503836e-05,1.80057692902117e-05,3.01768693040928e-06,0.000221253425637179,5.29057269009767e-05,3.97187453369075e-06,1.11912802694048e-05,0.000111858989344004,0.000354393353974109
"Hot.rolled.Sheet.Coil..China",0.0175710812491241,0.0202555708799517,0.0152486020006276,3.521565221745e-05,0.0038379231481414,0.00848332892488087,0.017517960321775,0.0139282708114771,0.0091835184803798,0.00925648497209271,0.00522349747718877,0.00441232212385468,0.00659018292903879,0.0125478028693043,0.0216362852822694,0.00189464530392838,0.0144926012840849,0.00146421752530189,0.00623530638316605,0.033405899398009,0.010116701498741,0.00634968423849679,0.0140037056562946,0.0295693194796801,0.0268090332600765,5.34039421260332e-05,0.00350527094699181,0.0226818771781452,0.0325098285488525,0.00458093606863686,0.00321420747024532,0.00161965916441931,0.00456294192017261,0.0081123492520122,9.12635721977483e-06,0.0593036005831092,0.00639153686358891,0.0262303015224309,0.00344865664541333,0.0159664688486549,0.0118532964919841,0.219879513849091,0.0076408755018086,0.0168948933046979,0.00545619499464163,0.00962419768733438,0.0351564308883498,0.0179952517673588,0.0287185206629392,0.0322910399458276,0.0194208057801201,0.0264812546977359,0.0115752390831578,0.00297886433113679,0.00277658368830789,0.00214249652013535,0.000533473974646741,0.00498023812048977,0.0069958086183167,0.000632434661818585,0.00266761680949864,0.00351271759411396,0.000681566006860474,0.000666532703005363,0.000933729461173901,0.00343994794066583,0.00519690150210641,0.00286764856002104,0.00720181274554093,0.00229508195379264,0.00424970369120059
"Platinum..China",0.0245989127794019,0.0107000450685133,0.0122515464046745,0.00216017585718523,0.00345999191423256,0.00567545181349224,0.00530512695930486,0.00857834073674028,0.0089385150359483,0.0053574042135524,0.00492216263099842,0.00501115674500875,0.00538737889394711,0.00842063677114066,0.00614936712799761,0.00229822569661034,0.00670744386630899,1.07163736514663e-05,0.000633389712015718,0.00696128884439757,0.00183234794942145,0.00133361490721662,0.00584672525185048,0.00582166323169933,0.0116458842564319,0.00350989030838527,0.0020625345565742,0.00968882185328186,0.00653757965582105,0.00271400803100558,0.00245170268133295,0.00255996895488141,0.000571558462898959,0.000115096878154486,0.000190577782679018,0.00707683740539518,0.00875902927697437,0.00151689972591171,9.75131560537705e-05,4.15516557167097e-05,0.000409032887944396,0.00878278488343813,0.252739947137526,0.0711250227184883,0.0567350328595152,0.0613265359047387,0.0413243420038591,0.0167305123766154,0.0214643253856897,0.0265416923130975,0.0196866185138045,0.0176283897651523,0.0117163236678026,0.00215485759245631,3.93478997716777e-05,5.49923934438194e-05,0.00635544400352284,0.00163143781561593,0.000744187425763132,0.00032638828235073,0.011078800179017,0.00904647257563689,0.000709583714739321,0.000421901272698681,0.000127173557462144,0.0116335591559971,0.00888255988328446,0.0139881500108714,0.042104057311529,0.0594495805662942,0.0171398625150648
"Silver..China",0.017093506471561,0.0110799549678094,0.0133438437653218,8.14800816168022e-06,0.00438536534288632,0.00749105575299846,0.00604809874310081,0.00786923229875326,0.00552104404376468,0.00962989024671788,0.00238986101678258,0.00579825798862362,0.00713251294729589,0.00686458725189101,0.00560868169705268,0.00187698615354515,0.00992645233539501,0.00041408413980145,3.20584929337758e-06,0.00921452184286008,0.0026020496238274,0.00159303020598919,0.00467630679640108,0.00736818737345132,0.00669341718578534,0.00301943591560412,0.00260102003719102,0.00562037714280308,0.00947344686617412,0.00261500065616439,0.000626778308703108,0.00167561234813233,0.00128313197936962,0.000974427257633738,0.000618556541890842,0.0111562144931739,0.00170291853360039,0.00225643260186698,0.00131968972356419,0.000100677011679316,1.8469218070637e-05,0.0147477145295885,0.0540135304671234,0.191934938130057,0.0325005403991403,0.111611755471233,0.0462639430636193,0.0165999735550619,0.0271319110872658,0.0279069507112094,0.0160958023230376,0.0183968613019919,0.0103777461671472,0.00182233981219535,0.000986020759734739,0.000899859147400078,0.00112638210458649,0.00273491514104932,0.00231422922598359,0.00349822910220449,0.00659915614889114,0.00568142846071909,0.00228820534248717,0.000713069875392234,4.84990970583846e-06,0.0076505213075556,0.00634844269979287,0.0269638592862748,0.120191108284127,0.0267772594795922,0.0161239860211408
"Palladium..China",0.00922716536936413,0.00968557691767644,0.0110740565933452,0.00118282560548756,0.00548807479686046,0.00757638243077589,0.00289402352935645,0.00769488593920235,0.00565056981580736,0.00993882742502799,0.00399400531923951,0.00951390523130216,0.00494197829627754,0.0116330118760218,0.012137404970471,0.00435321946795917,0.0119758147143134,0.00057229626659578,0.00024357963993281,0.0196108191595207,0.00156585456746887,0.00202403261754468,0.0083650701767682,0.00260045915409443,0.0140615928213591,0.00234631918318491,0.000571904709642875,0.0167646200052786,0.0117556535453187,0.000911719453717787,0.000363884159841099,0.00192485812966947,9.80055714474448e-05,0.00344215046084769,0.00118351909735163,0.00903848836434,0.000959972068767855,0.000176902514979996,0.00135796333615749,0.000720465458484797,0.0010320162557117,0.00728511646281645,0.0643719298921361,0.0490087403155203,0.284994442192185,0.0428488588625453,0.0314338341498245,0.0161052076212653,0.0248358970929769,0.0329653952104551,0.00804401190801055,0.0156985574743582,0.00523244000952329,0.00114361678439483,3.76733531569896e-05,0.00084500756054215,0.00418371742530322,0.0020416670461755,0.00198809117002908,0.0015847280040906,0.0136834773590327,0.0110906451818956,0.00583913717962479,0.00327424675085181,5.14609216999402e-05,0.0154635201417212,0.0145407748255747,0.00717034513417655,0.0224785305591428,0.0201546539769625,0.0609504004174927
"Gold..China",0.0296665109670775,0.0184308049617992,0.0283755675230688,0.000332732217917291,0.00662226677703014,0.00961870730464754,0.0119706502088393,0.010564421667256,0.00365748230529355,0.00542941815221498,0.00173595814540356,0.00188209301090895,0.00321382741477762,0.00757967741038062,0.00840111437681924,0.00286077480687542,0.00911492166288546,0.000963447843752635,0.000248695093212169,0.00680020034711743,0.00620629499129753,0.00254212065957483,0.00976518635129203,0.00407880617685225,0.00918209233393164,0.00562521365762352,0.00293993963111692,0.00848234287130905,0.00523789986546996,0.00297058747762149,0.00108707510956688,0.00400761086641572,0.00173355841159436,0.00312734256223762,0.00170970370440881,0.00613270628915748,0.00305100974249119,0.00217081302553181,1.02078387137341e-05,0.000324724669148005,0.000237833208078271,0.00913856324684841,0.0506608763744586,0.121409887512674,0.0310869988384486,0.208784452405896,0.0349174021843528,0.0134376688813324,0.0210480909194713,0.0207551409627512,0.0154778674409402,0.0188480597117706,0.0165093424161401,0.0030344482427074,0.00134261925237445,0.00186606098190563,0.00419180457198538,0.00595298290194737,0.00494295925470546,0.000683095811037979,0.00538040485238064,0.00316294925532523,0.00100218139393847,0.00033231921026637,3.41188731252605e-05,0.00407644731386611,0.00379416290496761,0.0452995406581173,0.0726574219760466,0.0203230919991197,0.0117566980103883
"Copper..China",0.0180557161284189,0.0115833634710656,0.0155327949088623,5.15729262100816e-05,0.0036089544776323,0.00503214389196448,0.011922507497495,0.0087231378577133,0.00891399368177101,0.0255070163034263,0.00520933049938563,0.0197709969864642,0.0171494244171981,0.0159236817590744,0.012841483808765,0.00205814489116471,0.0159099296310512,0.000421246428087662,0.00345533937518731,0.0197555005260613,0.00156236266081843,0.00282762518652543,0.0109466920630135,0.0218551566941831,0.0165727900857801,0.000382414512401869,0.00118292219730868,0.012691614976647,0.0191390722874473,0.00418119477275214,0.00178487024684462,0.0016908035285757,0.00184415742912968,0.00299347692323554,0.0017324580228647,0.0287448461653636,0.00331743286697521,0.0120134756913601,0.000186658390617437,0.00186009992125321,0.000533394234503433,0.0262813094439219,0.0268756542908372,0.0396201027002159,0.0181292518808507,0.0274897480559545,0.164371678177436,0.0295044634114891,0.0569554661247212,0.0582832142338271,0.0179649140123368,0.0573852721585789,0.00949667539243424,0.0030876589062305,0.000762122565893898,0.000852681946536983,0.000318710175327546,0.00376192993067027,0.00535685669989925,0.000414862600899232,0.00772595097693492,0.0119745149077133,0.00156160429709906,0.000781730827679595,0.000400979027135474,0.0124831489897793,0.00944560072999425,0.00718399220621609,0.0207678000021602,0.00842125094770401,0.00287105605492318
"Nickel..China",0.00658748202412593,0.00584674509040408,0.0061527719099859,1.96626940362735e-05,0.000161974980657242,0.000566405605481405,0.00936288325927708,0.000151382840402879,0.011193617711405,0.017265481252502,0.00601501523631537,0.0195427505128068,0.0120501789249187,0.0153179590861389,0.0126544050557981,0.000503313042779343,0.0138274398730531,9.7983815206497e-05,0.00103194911402687,0.0221769207307026,0.0019413236828497,0.00364488075981917,0.01004582800533,0.0118959963616409,0.0251524204150491,6.37259483938344e-05,0.000422982446127154,0.00880902156304482,0.026051131544777,3.13010602866226e-06,0.00258690503942458,6.8742431659918e-06,0.00393005403432794,0.00413551732661531,0.000165165477377164,0.0189403710395903,0.00206453370811692,0.00938507501719442,1.21616597544779e-05,0.00045043894656247,1.09300735841772e-06,0.0225318521295798,0.0182246453015285,0.02381097025435,0.0152839503066705,0.0177194204751866,0.0494179203237114,0.275311107419908,0.0327507160915416,0.0505711508702366,0.0203924133125057,0.0684107255339181,0.00131753819310418,1.28907867348547e-05,2.88287878461017e-05,4.22881286534236e-05,0.00889359172210599,0.00181145839610789,0.00175238401720608,0.00192732753366457,0.0192965157681811,0.0139541074132483,0.000879601509992887,0.0014357502262805,0.00161680453788405,0.0171698400071268,0.0129712241642609,0.00462791909505512,0.0133256943407475,0.0059701311654827,0.00830627909460736
"Aluminum..China",0.0156068424206979,0.0143850071261685,0.0169653162062257,1.57333749684396e-06,0.00546836165732853,0.00579338567872953,0.0101659074165718,0.00521010840868938,0.00900674180780776,0.0162712537885524,0.00672477602478498,0.00984870141430694,0.0108298113895628,0.0142765585666597,0.0133679505076745,0.00424123819848555,0.0173519088408398,0.00174542352139946,0.000387323775783899,0.0166412098119596,0.00432475268583139,0.00174129313125879,0.0132019767858011,0.0203417430358666,0.0201346806850832,0.000717787202711477,0.0013248344954239,0.015640477781631,0.0208635750923462,0.000513051866135113,0.0019589848415374,0.000208665526302475,0.00481847843846932,0.00215947066745591,0.000731377128010333,0.0242143046022209,0.00268686349377915,0.00963900316012773,0.000212191875679461,0.00293709287995071,0.00207421268757062,0.0267261070000146,0.0173780786715628,0.028925758374526,0.017694817738743,0.0206287523505946,0.0709033618028113,0.0243419559870303,0.204624865020487,0.0671055863648722,0.0125239451386141,0.0415359591637499,0.00996039855865147,0.00513470299760846,0.00172128261982783,0.000907449862509185,0.000265529055755137,0.00479624442267244,0.00844305848025883,0.000931418558390582,0.0100423051335955,0.0115958468806049,0.00395248041838882,0.00197326047250871,6.34536205632005e-05,0.0159617965220448,0.0119722821562051,0.004861003074591,0.0165463119033115,0.00780717008495369,0.00594059960163478
"Zinc..China",0.0149645938475184,0.0116572505161637,0.00982016658915996,0.0003027915435669,0.00399359665364832,0.00445451702588904,0.013471767508016,0.00877722629744021,0.00757326434667763,0.0216463894756702,0.00381973610394682,0.0171229456300902,0.0136213582977977,0.0151438465415252,0.00977063497073383,0.00167825231566914,0.0121233802804366,0.000876463733375239,0.00349202210113463,0.0210163734278389,0.00287377909118095,0.00600064750056786,0.0091525742716757,0.0161528187225832,0.0180165132146212,0.000248151599937619,0.00284592429411936,0.0109579653536711,0.022262411605755,0.000357139762268183,0.000463341489201061,0.00145723125450288,0.00166477895788426,0.00316595108590838,0.00178381199525601,0.0248540376397568,0.00204752754277064,0.00944145683296882,0.000737212777737918,0.00537175283119607,0.00376555950729231,0.0296862687822694,0.0212281951501683,0.0293911581582634,0.0233214934725485,0.0200949016032294,0.0716761808802932,0.037131069223008,0.0662916183036985,0.202142834631198,0.0213361271889299,0.0508108241404792,0.0106102433174717,0.00342460425664118,0.00324250285756583,0.000307497465829819,0.000515965880674206,0.00326807176225886,0.00340016853012758,0.00234484420248907,0.00651175090140742,0.00641270872028136,0.00200685348164208,0.0013001611566746,0.0004643622994749,0.00760836845123918,0.00414159837894164,0.00518134617549841,0.012974287098961,0.00907094562106626,0.00515588337051494
"Lead..China",0.0316740994545648,0.0180060264020504,0.0279180128463991,0.00137184695270196,0.00513192332255612,0.00553370697053891,0.00493807976741761,0.00948206536918462,0.00662972560127232,0.00592288849128423,0.00655919049378565,0.00510421731287943,0.00435866050324084,0.0156636163205964,0.018450171972551,0.0024768621347341,0.0111735141773659,0.00332965539744935,0.000947742093499061,0.0148658999911664,0.00514965175017739,0.00174836720242703,0.00992027779267216,0.0037391631898397,0.012040333555814,0.00645813839618449,0.0036566120311934,0.0179812430981632,0.014800407298276,0.00362385566720343,0.00271822185756065,0.00576976404639526,0.00456487850920766,0.000999188421419207,0.0024107907142399,0.0196806343674383,0.00583633846193456,0.00892437816542825,0.00116740875992617,0.00290634949421005,0.00369989811509133,0.0277846526731895,0.0245030265449908,0.0263803824757389,0.00888063463075975,0.0233203714266338,0.0343811697698322,0.0233006151417584,0.0192533030064944,0.0332031842445017,0.314573761326651,0.031680705683445,0.0157934464895562,0.00182048759178311,0.00587656986204095,0.000651837772937741,0.000661085305117841,0.00454672657389921,0.00973957820347288,0.00065746603353402,0.0019379978987875,0.00317828868086107,0.000350438307958554,0.000155076796084976,0.000844798053484704,0.00520119525256694,0.00436760825337493,0.0115354063669733,0.0151481722454086,0.011581122369913,0.0013570845482086
"Tin..China",0.0137551999182541,0.00880353659985262,0.00813138012500199,6.56826697255226e-05,0.00171803997265001,0.0034980297182707,0.00994618784825974,0.00496044361148851,0.0113585897517005,0.018543571019045,0.00816643380827878,0.0112965230032514,0.0136944119170883,0.0196057254006057,0.0151346790147773,0.000428467960960063,0.0155295340394438,0.000954993787967445,0.00124484189440244,0.0160850355695491,0.00124220400428534,0.00439168688751283,0.0127442664679787,0.0173356733171209,0.0150726623053994,0.000480250759018693,0.000468511787282877,0.0147504573463319,0.0190688328682969,0.00244729569717525,0.0045974194623966,3.73265766434313e-06,0.00449282429637584,0.00534700608619726,0.0011804160931449,0.0197612773787637,0.00647936060756518,0.0103546313114559,0.000546807965484366,0.00257771459406881,0.00163791315846179,0.0271110691964127,0.0157011552943036,0.0215765772359857,0.012395407232256,0.0203217614623535,0.0785898231835199,0.0559362462058531,0.0456939490405087,0.0565836218654458,0.0226707144521454,0.225108998152794,0.00772337232671511,0.00254084305421073,0.00225781330654033,0.00203268449971209,0.00049854206058847,0.00196941704723271,0.00420234776294692,2.07404989784965e-05,0.0119319179767808,0.00965012710215547,0.000272649673792266,0.00042169342004542,8.1849372573439e-05,0.0120629212646867,0.00892541659169912,0.0044924585725146,0.0139302766205696,0.00532316004433336,0.00207019279979147
"Chrome.Metal..China",0.0690201893380456,0.043511693904763,0.0481906510381414,0.000849476799060784,0.0199650348139812,0.0247387358028418,0.0230030037153247,0.0280275533027892,0.00518731183117225,0.0031984865926086,0.0052157320391418,0.00143608098358655,0.00150066684471848,0.00993123228445998,0.00813870032113302,0.00377058506454166,0.00539568554913861,0.00116740843487098,0.00393278421869209,0.00495642990133889,0.00878368290247343,0.00695728616901004,0.0232306305087344,0.010342358790478,0.0165878700174881,0.00206283666116447,0.0103630118009763,0.00922278440135386,0.0059274738750977,0.0102747644912784,0.00506876153409046,0.010167153925004,0.00436252517182706,0.00485172771807686,0.00693866712297909,0.00891477614872967,0.0139039301660062,0.00670821497773469,0.00626305203072263,0.0120936743228506,0.0199101353709538,0.0142116557410448,0.012514599257664,0.0145964916671846,0.00493583181606547,0.0213467172270474,0.0155971080647736,0.00129192992207786,0.0131406784289268,0.0141698896687021,0.0135535759851132,0.00926218803168227,0.269960035631428,0.0263666001344835,0.00539146100385581,0.003890706334303,0.0026898790390851,0.00835617126920829,0.0176458347535378,0.000729233348351362,0.000147493338808585,0.000330190137059775,4.10158573314265e-06,0.00012026417925655,0.000113185425147823,3.38619785593543e-06,0.000773314214269204,0.00279169998185127,0.00821003842845034,0.00251323284028537,0.00126974545936716
"Silicon.Metal..China",0.0449406432358407,0.033184599335493,0.0198971582597906,0.00236854942315728,0.016233496282496,0.0161745195874694,0.0222678042034156,0.0258908144408117,0.00428862480432712,0.000244361536271495,0.00299990186695674,0.000191133001780585,0.000315871972166114,0.00312429110784917,0.00333284001054417,0.00393437543216488,0.000711680196890962,0.0103792935233753,5.53424905064112e-06,0.000572972734370493,0.00652317192001035,0.00377243010599614,0.0071225508083518,0.00404601436403768,0.0208012837312737,0.000805151089157892,0.0137034214967522,0.00293111018382428,0.00472615279600022,0.00577940657580419,0.00215691969194653,0.0183734814203342,0.00296664230432032,0.00532701894312236,0.00862817937539484,0.00294327307328816,0.00804523233464884,0.00606878367071789,0.0049301386881283,0.0187249549186093,0.0190596218822899,0.00640772977393308,0.00403257929836533,0.00449069498846839,0.00190497981176012,0.00687416277608079,0.00888465484695989,2.21459299791646e-05,0.0118684814260199,0.00801291014997732,0.00273718064436862,0.00533854880008715,0.0461947784307582,0.472975050539169,0.00861522672041781,0.00978304599108214,0.0017456564889624,0.00209843508079423,0.0139892743032708,0.000132268772522214,1.16581102800719e-05,0.0005542009108172,6.99591529138792e-05,0.000310383229403963,0.00147922084591647,0.00157367469906773,3.8679828597251e-05,2.2447424788491e-05,0.00128072007374065,2.97612878495645e-06,5.48702444818643e-05
"Cobalt..China",0.02931021629192,0.0251386442053076,0.0118364725104911,0.00110584362933948,0.00792239919611802,0.00775815122671667,0.0165157487291501,0.00547877360500448,0.0048921613416685,0.00443304677786077,0.0159251411641229,0.00507620375390523,0.00605008741929025,0.00259342684324266,0.00278737505426007,0.00367081313403028,0.000201193510696981,0.00185239090404081,0.00366292928076375,0.00189903938126026,0.0135186590444053,0.000390674181747315,0.0102742093632728,0.00153852786000018,0.00928318834838679,0.00931350722977306,0.000411881728431272,0.00546241372765314,9.77850458159103e-05,0.00015659363486681,0.00259298342508888,0.00460588432262726,0.00186913558262319,2.45026842082112e-05,0.00568515890152994,0.00264673614481122,0.00534465477153894,0.00149450338480856,0.00669180694943667,0.0139794813145015,0.015358761873331,0.00780293720040523,9.62010423950061e-05,0.00317441814862723,2.01095346923829e-05,0.00397362452403875,0.00286503507751309,6.4704540968048e-05,0.00519787569615582,0.00991183645912327,0.0115433940209745,0.00619765339884441,0.0123406803495319,0.0112553911007097,0.617919800308876,0.0057051198472495,0.000973333312452005,0.00608755512294268,0.0163482752222529,6.93681390715591e-05,3.5341587957817e-06,0.0017609217618774,0.0014531182006793,0.000391884180964195,0.00143517200401091,0.000839956714772014,0.000250589026478906,0.00145359496893301,0.000958372028209781,0.000139799156653668,0.000914637273752958
"Ingot..China",0.00746131836846458,0.00648422567893678,0.00771804430551691,7.81999903350335e-05,0.00594188086629789,0.000654826880016164,0.00911859933543226,0.00316179221255546,0.0303271880966807,0.000882092768963928,0.00323123162134903,0.000973021780422772,0.00023330768893183,0.00572125922520184,0.0162507849060798,0.00465936303187665,0.00101523160051826,0.000334963308738334,0.0123228485180367,0.00534193734433734,0.017162981779035,0.0102282376972045,0.0129418522648187,0.00252110018189248,0.00852690875222406,0.000147933481658272,7.59479477714539e-05,0.0152604809422753,0.00313414193261681,2.16595735335532e-06,0.00359699128625734,0.00386471074702392,0.00499990055282249,0.00410111087042423,0.00496420904964205,0.000436775464596707,0.00128528474593589,0.012274197054775,0.00278651632515302,0.00285176295017342,0.000997738800783291,0.006441992248172,0.000143851227590096,0.00309959776801477,0.00196576420388915,0.00590897997329238,0.00342961144291828,0.000101549917390759,0.00293189946327636,0.00100569902769939,0.00136994101739833,0.00596982995802894,0.00952826475327033,0.013674791194747,0.00610404182933953,0.661126919197138,0.00852095846180522,0.0154738901615125,0.00164592635479954,0.00104862245465098,0.000449054477248513,0.00286856354705125,1.51706251365726e-06,7.59566432052656e-05,0.000241344234687018,0.00190436523727494,0.00644735580235268,0.00267342479239411,0.000430694717780923,0.00133946003768699,3.06647974158431e-06
"Electrolytic.Manganese..China",0.00467656072320065,0.00406234115899454,0.0118334960581078,0.00136244727679597,0.000872891326847818,0.00275613335467598,0.0039531864552682,0.00298390813846091,0.00365706433619723,0.000325231180822875,0.000867445432044261,0.000914353556118807,0.00122014593502124,0.00727859317887735,0.0110083030123054,0.00603371904450705,0.00669286522546544,0.000487495429493473,0.0157027757540857,0.0061962891897916,0.00268760693032111,0.0143302307150949,0.0165337087647886,0.00908836113285708,0.0120285248394098,0.000994877079047777,0.000984155776161447,0.010791310646761,0.00182723852596289,9.9833695069357e-05,0.00434584885479885,1.46146200044576e-05,0.00928864931666932,0.0166848015942566,3.97784682230099e-05,0.000389750011589488,0.00194945251606649,0.00926414218600136,0.000221835026078543,0.000127612998071513,7.2073953259248e-05,0.00157724043983222,0.0163471271515811,0.00381505795140797,0.00936514178583867,0.01305185699049,0.00126048701018668,0.0210001738218669,0.000843573793640733,0.00165932733211046,0.0013661690514106,0.00143972114670543,0.00647742970068677,0.0023993300275852,0.00102399753232657,0.0083786305678426,0.650083935890376,0.0221877237566917,0.00580876032073078,0.00014170545746219,0.00307358524157088,0.000843233225511635,6.65505306633757e-06,0.000235959744938072,0.000325091197073818,0.00283198659806041,0.00462506799665042,0.00235376102290234,0.00244854022394525,0.00508910857559141,0.00528996797434121
"Nickel.Sulfate..China",0.0348764442502203,0.0235113402947553,0.0263629832915038,4.39971363692542e-05,0.00083372279494182,0.00420501312152912,0.0149050205982502,0.0287698970774861,0.0083271027391647,0.0127552079693491,0.00631502208738069,0.00423498677909196,0.00881724966504445,0.0074235497610498,0.0160262606876685,0.00885614080722889,0.00597629284355834,0.0056493869484393,0.00657936495075239,0.0022034812744924,0.00616534895518046,0.0059479721961149,0.0263731730040795,0.00555149554434322,0.00763445296441091,0.00268653646810207,0.028356894085123,0.0248984504187922,0.00597435599271735,0.00681544482779203,0.00469691008139701,0.0109274500318703,0.00643579365476719,0.0108533998229364,0.00451365522414743,0.00752633221910848,0.00748893642036226,0.00750008811302091,0.00111638633109684,0.00971988914339924,0.00977512760076369,0.00966262879092143,0.0027537631868774,0.0060788268629161,0.00306745888270489,0.0121637205976182,0.0097636829507222,0.00280694941481218,0.00999937502160934,0.00689704704631597,0.00616603943746591,0.00373228494627231,0.0132049819349066,0.00189272387834475,0.00420281961488459,0.0099849208011746,0.0145603988337984,0.42660894311678,0.00560086261320527,4.62228493132136e-05,0.000155499014196336,0.00110820752065783,0.0011075349048532,0.0016157836597719,0.00089450137278492,0.0014155045772253,0.00886067189063102,0.00438030726890171,0.00312975437513719,0.000450683211733998,5.73432456617927e-05
"Antimony..China",0.0406477595588169,0.0225797466727857,0.027400543628107,0.000208832884747633,0.00879370301835865,0.00750218788477064,0.0112601875603937,0.0244662995742284,0.00422813080880161,0.00205485207159415,0.0033332373058318,3.34304441652868e-05,0.000463070844950298,0.00857782377443027,0.0116628510605399,0.00477091820533195,0.00530285790005851,0.0110540863881696,0.000509991327096556,0.0018281871570946,0.00730559295134317,0.00119119726632539,0.0201986705190375,0.0176092807594075,0.0104276698317608,0.000153578218251092,0.0197083827453955,0.00908436744219241,0.00651008961901384,0.00717108900836574,0.00353352641417149,0.0107206773596898,0.00846565085164454,0.00561859273848153,0.0100360699459515,0.00719367475675655,0.00575880865702367,0.00694431910137903,0.00465251211716544,0.012998473850234,0.0159371486608413,0.0140256551644223,0.00129801120759649,0.00531523342571878,0.00308340925888575,0.0104365962034217,0.0143665683928035,0.00280592174802715,0.0181891077845572,0.00741501607786798,0.013648585948019,0.00822941832349,0.0288146093557411,0.0130384798062736,0.0116629881324195,0.00109747734400833,0.00393898228614646,0.00578755284284398,0.440828845845445,0.000685570313816175,6.90076493797812e-07,2.55801832620601e-06,2.64433086278033e-06,2.61785114771596e-06,0.00403888774597007,0.000201505774478607,0.000174324574990672,0.000940296011326634,0.00165043575468468,0.000170843970136984,0.000249095545373166
"Soybean.Oil..US",0.000203525732159164,0.00152248724097066,0.00066234620422477,0.00300211878376083,0.00261725299939897,0.00310138705460978,0.000367296962244255,7.70992041961422e-06,0.00354737835882372,0.0136818332625055,0.00611764170269154,0.0011610270816102,0.0180441696186085,0.000367600782630281,0.000427697952467672,0.0023187205577397,0.000168299148087473,3.44662171714393e-05,0.00113707747861161,0.000238541249513708,0.00118480291995831,0.001736330598459,0.00372301984217156,0.000251422662431338,2.82723654764791e-05,0.000578545847349242,0.00161162457775796,0.000130506081335536,0.000220891793191166,0.000173528000127613,0.00120283034044882,0.000298036287205673,0.000448593829742851,0.00255082802511353,0.000531416109825021,0.00265322126669749,0.000577420041798048,0.00146495526551499,0.00221542971306138,0.000313759799937613,4.56964824563293e-05,0.0019832680547478,0.000890453384305201,0.0125673795579625,0.00280215946179175,0.00225597346781761,0.00174031481375822,0.00482705572856322,0.00313860745083329,0.0079984560222494,0.0014411239843678,6.35297089581917e-05,0.00186259127666534,0.00019282778445704,7.74066820920691e-05,0.00109366630708352,0.000150303004628625,7.47097491366492e-05,0.00107234003192326,0.689525799323551,0.00264481219987317,0.00258960986154825,0.0556519415208029,0.0669620450506448,0.000340296050978301,0.00532988130837038,2.29800316033861e-06,0.00295933292702794,0.0212853675156766,0.00942099458602084,0.018385745022695
"Diesel.Oil..Singapore",0.00183452201753067,0.00124079438786097,0.0017413951082668,0.000567766587141331,0.000334852735604958,4.09758780721175e-05,0.00253175935293471,0.000263940196262425,0.00340210556746639,0.0145648062614812,0.00240726916661674,0.0110175352388692,0.00736417335812417,0.0241439575680097,0.016977740132664,0.0015527556796024,0.0238300026542994,0.00012514530151746,0.000886986237947632,0.026002436225277,4.21784539793804e-05,0.00112598081716729,0.0060736516153646,0.00367633235383831,0.00926198294792007,0.000348530736914729,4.98812636796892e-06,0.0234816850795059,0.0191698095193484,0.000160502520149713,0.000593200574801768,0.00017164221491391,7.72247434076878e-05,0.000113799532524806,7.05353739639446e-05,0.00527209213783588,3.88473164527853e-05,0.00341869822879746,0.00136458749549112,6.24884175799519e-07,4.15314570697362e-06,0.00303515846734629,0.0109429007282171,0.00858924871484175,0.0116194683989516,0.00643479056876925,0.0117412844442197,0.0175036360632365,0.0122711078100315,0.00805493586529443,0.00153861004449716,0.0132318018952971,0.000137463339223372,7.80747949669909e-06,3.0282340113773e-06,0.000169786451286142,0.00118075371911423,0.000100519899156659,4.05628367501116e-07,0.00120232769929768,0.249656633409089,0.118794330961423,0.0184810095257857,0.0137031967188679,0.00315022114990702,0.138869233973503,0.100599251054585,0.00889525133936531,0.00989582828810863,0.00507602799801149,0.00981201265652103
"Gasoline..Japan",0.000450061748182433,0.000461163170663634,0.000793836275192684,0.000783732129910958,3.78671902795222e-05,3.79756676626615e-06,0.000279184507255378,0.000221426479426724,0.00411992967672793,0.0154807998269524,0.00149537046203019,0.00772966978649829,0.0087766581540405,0.0189091584614418,0.0145734121596423,0.000297797179649286,0.0189483321745145,0.0001523018383014,0.000241675540236425,0.0355110596390684,1.78487230555176e-05,0.000583543457870773,0.00534142262327386,0.00625103159429323,0.00894441723210103,0.000185402198489721,0.000640565385856158,0.0203599111823722,0.025921145630036,5.75753701612635e-05,0.000514625861680613,0.000415342838892879,0.000414321842745146,0.000227538448890513,0.000336309470728567,0.00901765259050553,1.01706750356026e-05,0.00211503969984303,0.000726737514659569,0.00012393779676216,0.000292906237894738,0.00385696662205981,0.00861469422237329,0.0071364814358456,0.00906704757575644,0.00365074445617003,0.017540498663755,0.0122136401859274,0.0136756077422209,0.00766113747774343,0.00243178816390884,0.0103168433696819,0.000296412021381344,0.00028516599444021,0.000688501380735893,0.00104381423071197,0.000313772666460357,0.00064444765086404,1.42632774844215e-06,0.00141254811840482,0.114574685111072,0.24068526956498,0.0197549228078982,0.0168417975385007,0.00174069590319883,0.147505955797323,0.114157079799825,0.00748388881087938,0.0104183243354276,0.0057359095542667,0.00848525212850958
"Brent",0.000295329404726235,0.00106652011586863,0.000508776779317585,0.000299303726475632,1.09104311777217e-06,0.000886507043430188,0.000333005569195968,0.000502222741437285,0.00330776607444124,0.00393426953255145,0.00180390653202557,0.00133441172149817,0.00451006599969001,0.00668869047981089,0.00687047995019578,0.000617298603436655,0.00971224634321164,0.000452804602274466,0.000825162602109325,0.00743153886895856,0.000113312034738036,5.93713978678269e-07,3.95794468959784e-05,0.000593721087767058,0.00247299126407803,0.000418555266503283,3.58497399636828e-06,0.0118718106468763,0.00667913470952302,1.35477789992314e-07,2.99103845010323e-06,0.000562547986292864,8.62920062340434e-05,0.000355593559113395,1.94528166673712e-05,0.00383006930572252,0.00124814367960722,0.000919948967365496,0.000284397336316364,6.34345217128472e-05,0.000111982597919561,0.00122317521673735,0.00110788649568879,0.00470442422346441,0.00708343962806447,0.00189414708525409,0.00374894894057703,0.00126074644490268,0.00762213857728804,0.0039176247441231,0.000439596877428821,0.000477944696214913,5.99539548207993e-06,5.83675990921789e-05,0.00092797088399814,9.05491036780592e-07,4.03968598606816e-06,0.0010244552351649,2.36707112725214e-06,0.0318489646654138,0.0262244236087761,0.0259507503566904,0.394607667197702,0.296548570799133,0.000494818331665782,0.0448261832961738,0.0223103395998188,0.00916959761207319,0.00560428270954055,0.00635825886816494,0.0194922984918945
"WTI",9.53278647049922e-05,0.000558280393716928,0.0001953122996451,0.000794079141320647,0.000530513123105167,0.000213193352232401,0.000432311171618145,0.000248338198328015,0.00287254396456628,0.00206136675970599,0.00122624410745358,0.000172375670519142,0.00421048213871152,0.00376897023668168,0.00290734724161932,1.70562853758075e-05,0.00897833016542159,0.000275397467900325,0.000234088000793893,0.00553404993433305,0.000224064783071686,9.45539004708388e-05,1.60097481362968e-05,0.000338783725177053,0.00347246525612201,0.000224637374486058,1.63519312241112e-05,0.00665320643314602,0.00320244957271701,3.53558693217959e-06,2.8639975296824e-05,0.00027579322234145,0.000223642725036597,0.000321887382590845,2.07613877495778e-07,0.00607050565367319,0.000416112033776471,0.000424783854315359,3.35452123828016e-05,1.95154556605597e-05,2.52757959002321e-05,0.00130134949903275,0.000716628704480884,0.00159490679039603,0.00413768261710262,0.000683304918651701,0.00204167919950541,0.00223878513533777,0.00413983722238927,0.0027611887176784,0.000211632118451628,0.000804194732222228,0.000191246752659521,0.000281719734107571,0.000272259395384808,4.9321715910641e-05,0.000155820910708728,0.00162596244731712,2.54936605194381e-06,0.0416903405772532,0.0192311517254595,0.0207023932740722,0.322617239388497,0.429296407970515,0.000689866102720401,0.0344373220764681,0.0151415222056957,0.00845951810012092,0.00487163836288635,0.00728572664723753,0.0149552288375963
"Henry.Hub.Natural.Gas",0.00382655525660781,3.97520793659369e-06,0.000114049288428863,0.00181054275602662,0.000114771361836715,0.00117950404073004,7.15109301019232e-05,0.00224235239306996,5.9228232585143e-06,1.6372955168267e-05,2.2383938464055e-06,2.79347210117564e-07,3.90865624002169e-05,0.00653762098032668,0.00109549685382638,0.00183677292768707,0.00192768585020378,0.010639405850904,0.000407176691169388,0.005764031360103,0.00121595758349198,0.00110117900564689,0.000716588579410534,0.000259860629860237,0.00289405675813047,0.00020014515681441,0.000116442431962899,0.00230101698884984,0.00227595590731519,4.38956919820476e-05,0.000572474426923875,0.000126344165807939,0.00167560566145161,0.00540375076210469,0.00118687415581753,0.00127582240650542,8.8858573036144e-05,3.48002834106195e-05,0.000397527616323803,1.02428171034968e-05,8.64655282665401e-06,0.00372108171390649,0.000440915983948841,2.2141779897769e-05,6.45085773025791e-05,0.000143195522111096,0.00213760561642512,0.00514596347478118,0.000271725824111328,0.00201294317433009,0.00235322429022666,0.000318607072929025,0.000367387133839875,0.00274048670458189,0.00203518904126563,0.000319878463445448,0.000438196282181692,0.0018373164745325,0.00802832030310514,0.000432453386251915,0.0110476013306635,0.00631326860598062,0.0010987861450092,0.00140812258605549,0.876259850704357,0.00602233901525518,0.00354579356285511,0.000245756417213285,0.000295374516627688,2.57801919837116e-05,0.00136478811920681
"Crude.Oil..UAE.Dubai",0.000164075240310713,0.00012435958167803,0.00020533334462514,0.000262751282606455,0.000143980936406862,6.9202181163534e-05,3.83843324788145e-05,0.000122180505152632,0.00465153365862346,0.0210371623314702,0.00216970840922704,0.010864804738187,0.0120236777556339,0.019768350985048,0.0154877562475003,0.000449717770189189,0.023509082058421,0.000412715957904442,0.00140841534451323,0.0334184846240153,9.01885184292976e-06,0.000473740937823904,0.00430596911927727,0.00504945223139247,0.00817125528229347,8.22035757848865e-06,0.00104651683822449,0.0224732111112067,0.0244529024477539,3.99787209410293e-05,0.000374422249307128,7.76239051812742e-05,0.000588333659390899,3.96192910143921e-05,0.00052535312917061,0.00932905414909363,0.000157745042914955,0.00346874070691607,0.00023109779883806,0.000276066001962244,0.00014593762633276,0.00318341011410793,0.00925234141739056,0.00804781673792965,0.0106121735529375,0.00393849064984252,0.0152969094824014,0.0125822880902293,0.0157866877750186,0.00764523845200472,0.00332180881449007,0.0107703094161756,9.51188149018824e-06,0.000677202595362263,0.000282423495555631,0.000579163481951061,0.000878878200571064,0.000724555321276707,9.17148823103868e-05,0.00307479215026833,0.112083437643539,0.12337605589528,0.0345737064067132,0.0317867157950287,0.00140280901713389,0.201698211631752,0.121657767963758,0.0097551796637515,0.0109635993524853,0.00781436318328197,0.0105565001923505
"Naphtha..Korea",0.00293123459183317,0.0016719125593347,0.00228948005627036,1.94280279737958e-05,0.000314041289448236,0.000568002993593794,2.97102340390051e-05,0.000361719439925524,0.0068686840755079,0.0143239684029504,0.00234383981065161,0.0062976760900769,0.00626798962471727,0.0238391160624211,0.0192414076614038,0.00146702456874671,0.0244092662441085,0.00144476882211782,0.0010681211239664,0.0354970871225874,8.96591345706566e-05,0.000830825031921298,0.00861054658939176,0.00617674063454378,0.00923762908415604,0.000121378959939255,0.000165646303452582,0.023252773271628,0.0234612203555563,0.0004683157814427,0.000451532919336105,0.00124693742315972,0.00121211883725714,1.88547672501656e-06,2.51188645851221e-05,0.0114921390016424,0.000204073864396582,0.00531501823612985,1.38036262586885e-05,2.9808842497825e-05,4.13838902112348e-05,0.00564673538985235,0.00839248255353512,0.00790149300324443,0.0119325228391957,0.00434059263358897,0.0137252784889941,0.0112550892501312,0.0139814428403042,0.00490041973879584,0.00331524751620617,0.00946806379600452,0.000684487652961847,2.04684010565062e-05,9.77261422952723e-05,0.00232824890035649,0.00169896371059042,0.00496382040055968,9.4412543842657e-05,0.000140691022794229,0.0962181402963585,0.113233199067185,0.0145797290824886,0.00986057723550525,0.000968326345601892,0.144353296104548,0.238777916499611,0.00881144886336319,0.0105554248683856,0.00658717920557415,0.00746354067659215
"Gold..UK",0.00717405850664817,0.00647507661213074,0.00488411502290745,3.44063515086523e-05,0.000966184573168195,0.00293005889377342,0.00112260769258974,0.00167293381878102,0.000368088108525639,0.00299083286337663,0.000762760947587894,5.97338878487793e-06,0.00264735221229578,0.00330736317495308,0.00347232792850863,9.53494637230137e-05,0.0023965541242747,0.000669521488083994,0.00106710168687107,0.00634878669711053,0.00011921197218131,0.00203932147918576,0.0058425030980103,0.000560229391877432,0.00106708092548714,0.00256706416512452,0.00241306604258053,0.00914208684808854,0.00232280993190484,0.00107689370380707,1.24796697826944e-05,0.000971265791854265,0.000182727544152671,0.000339671443032687,0.00301832333701919,0.00270360144903299,0.000641421732797805,0.00188978845574582,0.000106503503297774,8.13521074689203e-05,4.73551191486348e-06,0.00475528626573425,0.0201800342597906,0.0512228246223612,0.00634951973219634,0.0791099576158341,0.0159358183906169,0.00612911165622426,0.00866169721757832,0.00934587065620209,0.0133704465317485,0.00727657037905706,0.00377055061800058,1.7304689107237e-05,0.00085772251003741,0.00147441125999336,0.00132016568784927,0.00374377835770124,0.000777732230586096,0.00156487198024393,0.0129244437755589,0.0111925237642634,0.00847266952459687,0.00718495210994724,0.000102260394114907,0.0171825169780682,0.0134146619337365,0.364615820397196,0.101496497279337,0.0913789047237394,0.0496774827986282
"Silver..UK",0.011107560839347,0.00650817622813381,0.00831104462711408,2.42843426239023e-05,0.000119331397481552,0.00252615025816549,0.00291471454386236,0.00471335174655714,0.00337881378711373,0.00727374428191046,0.00139965439250488,0.00176907785835861,0.00826582093779219,0.00341335166837653,0.00296162699496575,0.000560806233629302,0.00520247463190154,3.14728109532549e-06,0.00049269652479151,0.00617119641918873,0.000366246761336946,0.00148322117489708,0.00199016072744388,0.00345930246151508,0.0029781070565226,0.00180068557885408,0.00324954206019743,0.00368450634808979,0.00512413481954579,0.0013869933227629,9.5363086078478e-05,0.000509266691533343,0.00110172674155098,0.000280829110429529,0.000137234153174563,0.0100286058843218,0.00112073361319476,0.00277666087321975,0.00153842328331009,4.08424681479731e-05,8.80064194849413e-06,0.00787690727472282,0.0400634858640975,0.15059722829666,0.0170317821473981,0.0836913369044032,0.0303852056261223,0.0116403165312862,0.0194465012912009,0.0154356111175677,0.0115807427796915,0.0148821460206159,0.00731382204533707,0.000651200402634375,0.000372993010700619,0.00015666911160043,0.000905808693594288,0.00176432657561091,0.000900383016591112,0.00742385206012532,0.00950923192571145,0.0103613078745787,0.00341549136762469,0.00272908123459151,8.10660079136143e-05,0.0129405393017936,0.010616944448068,0.066944395196691,0.240490915745177,0.0617785508375121,0.0387337454373888
"Platinum..UK",0.00463584901065666,0.00227716320000222,0.00192371664896149,0.000266095860166131,0.000355544663828371,0.00019440804691702,0.00119501373675093,0.000125032594746188,0.00308815573287259,0.00257748508349238,0.00212934371031657,0.00153349674139786,0.00694276753236086,0.00269854287097463,0.00175463458560138,0.000315501242104513,0.0015529958348679,0.000161376605006339,0.000194984478958264,0.00373765392911805,4.8867343421418e-05,0.0017708361812286,0.00076607600020915,0.00179216143721878,0.000701325303961142,0.000969363531345217,0.00319067049935482,0.00419129155502926,0.0010965199178866,0.00227315198598305,0.000459036760178754,0.000138705295250901,0.000995339463722277,6.82412906455025e-05,0.000483789242417894,0.00120566366619176,0.00268290597521306,0.000539850715391773,3.3496715991683e-06,0.000252988444945756,0.000125183511223916,0.00357234803825025,0.0805035882134339,0.0477476963863697,0.0183947964722057,0.0333143973923766,0.0175343614066259,0.00742165006214637,0.0130579670561057,0.0153579958386751,0.0125999403463496,0.00809313905075607,0.00318620403171889,2.15354435828872e-06,7.74306265348159e-05,0.000693402261897874,0.00267924615322185,0.00036156114977783,0.000132638616649822,0.0046761299039864,0.00690298467251306,0.00803812028995104,0.0055145873467581,0.00580839244596049,1.00691675514179e-05,0.0128878089622544,0.00940856138986537,0.0857730342109161,0.0879183186903822,0.342247538765314,0.104668857605574
"Palladium..UK",0.00182064616337884,0.00221175255488066,0.00101066424089086,0.00134032316991887,0.000812932277074306,0.001096634354589,0.000886714630007768,0.000132076436106502,0.0019494699976097,0.00308734897753963,0.00153287002884537,0.000498894072814717,0.00527814128457653,0.00442595576569357,0.00480505038650204,0.00112247928471142,0.0110300696881715,0.000582087619436626,0.000947918372406251,0.0070261159187827,0.000793261782002069,0.00293330908826761,0.00388766235260549,0.000701633756247427,0.00265797860438582,0.00249565029561304,0.00173203390754048,0.00797474857981302,0.00190914232445437,0.000503566743285824,0.000678242975232372,0.000256762139847868,0.000391662307966813,0.000550444079986074,0.000258772168296777,0.00198149761825562,0.000449577813593329,0.00128852387037199,0.000158939188648984,0.000780656645983275,0.00044462872248485,0.0074156619414,0.0260201313753046,0.0322325316107018,0.0605793857559484,0.0216054466677502,0.00670178859311436,0.0115760082462116,0.011139043941398,0.00978635069307287,0.00165523801417496,0.00352853134645282,0.00180465102697242,4.4511753607224e-05,0.000567927404678979,1.77963648368842e-06,0.00312219231012716,5.15737079377387e-05,0.000216806349647303,0.0102307330754055,0.014951260110708,0.0132492115561668,0.0189528085337225,0.0133663198523997,0.000597596934896591,0.019160147779207,0.0119148678185614,0.0522757310042961,0.0617969241482157,0.117341920480169,0.383686078142448
