"","Corn..China","Wheat..China","Japonica.Rice..China","Pork..China","Beef..China","Mutton..China","Cotton..China","Soybean..China","Soybean.Meal..China","Soybean.Oil..China","Rapeseed.Meal..China","Rapeseed.Oil..China","Palm.Oil..China","Pure.Benzene..China","Toluene..China","O.Xylene..China","Styrene..China","Butadiene..China","P.Xylene..China","PTA..China","Epoxy.Ethane..China","Propylene..China","Polystyrene..China","Natural.Rubber..China","PP..China","Causticsoda..China","Potassic.Fertilizers..China","Xylene..China","Glycol..China","Acrylamide..China","Acrylic.Acid..China","Acrylonitrile..China","Butyl.Acrylate..China","PET.Chips..China","Methyl.Methacrylate..China","PVC..China","Urea..China","Methanol..China","Metallurgical.Coke..China","Hard.Coking.Coal..China","Coking.Coal..China","Hot.rolled.Sheet.Coil..China","Platinum..China","Silver..China","Palladium..China","Gold..China","Copper..China","Nickel..China","Aluminum..China","Zinc..China","Lead..China","Tin..China","Chrome.Metal..China","Silicon.Metal..China","Cobalt..China","Ingot..China","Electrolytic.Manganese..China","Nickel.Sulfate..China","Antimony..China","Soybean.Oil..US","Diesel.Oil..Singapore","Gasoline..Japan","Brent","WTI","Henry.Hub.Natural.Gas","Crude.Oil..UAE.Dubai","Naphtha..Korea","Gold..UK","Silver..UK","Platinum..UK","Palladium..UK"
"Corn..China",0.377476856958583,0.0444858364145501,0.0541995421779239,0.00266263353201575,0.0142178457172717,0.0160962612869208,0.0241728142605581,0.0330441292061063,0.00694313387638489,0.00640619384800714,0.0105762209970046,0.00823329744683134,0.0036474189107882,0.00652064342334876,0.00427742492789043,0.00495811223959013,0.00838770804589352,0.000192956588730021,0.000867193155397861,0.00365218720197109,0.00444811710953601,0.00318908455950545,0.00888679498753098,0.000901170687124427,0.00277598652032299,0.00127058404861279,0.0312070335202526,0.00562421538630927,0.00266990450462224,0.0168549924521317,0.00403543754780024,0.00183344489679384,0.00646173166356261,0.00812214418998921,0.000242746260413345,0.0117853590095843,0.0201325721928084,5.37842465523421e-05,0.00343442329766359,0.000977934561707331,0.00551740300483283,0.00230105402806425,0.0274415733692635,0.0234157761329008,0.0107241826792415,0.0358671695933238,0.0094440830201122,0.00361679885738618,0.00865384172803327,0.00273942154952552,0.00308173373032569,0.0123794305179187,0.0123481008330173,0.0299923879869959,0.00159487214935616,0.0100189317627784,0.00116552041978279,0.00857304492468014,0.0156622962607735,0.000328784205484443,0.00072599981574444,0.00022387778434531,3.27159097133698e-05,8.70895194655368e-05,2.70134740180121e-05,1.41575219712046e-05,5.29348885671712e-05,0.0034300266094624,0.00242569626288455,0.00147685808758892,0.000711351513850618
"Wheat..China",0.0346461161350025,0.293983615427433,0.0465715853202438,0.00369667916089085,0.0159661550207925,0.00711932638332907,0.0542020329803245,0.0280326719880245,0.00621358553365466,0.0157229058639982,0.00329627769007822,0.0208480987725719,0.00783538557185509,0.0127139434917367,0.00757347744530373,0.00400653326016003,0.00429379973115731,0.00359730679873004,0.00432070143256686,0.00862605072713059,0.00648101342493906,0.00781473492961467,0.00520697522147686,0.00588941429840314,0.0046944941953544,0.00478408060883641,0.0158162651641955,0.00961862815548797,0.00348698922036582,0.0260426677173928,0.00152752153354683,0.0026174623260134,0.00246410821025533,0.0117415155459822,0.00194822370686896,0.0129900517079668,0.0121633856758676,0.00473828029052566,0.0149041296114191,0.0246751446026231,0.0318003951638032,0.0152046453260587,0.0188519034675908,0.00940930342761283,0.00490741716679962,0.0121055587979796,0.0106286229125755,0.00602265610106003,0.00710711765877449,0.00620852060340079,0.00835244909142546,0.0121078567727568,0.00844734061196747,0.0266371654111055,0.00264620319457315,0.0172721765773359,0.00389230051982619,0.00778870803054986,0.0183826122098282,8.51186030787041e-05,9.81049884685338e-05,0.000187404676449173,0.000331281781164342,1.28383651559217e-05,0.000293272236403091,0.000177291601489868,0.000488981159596215,0.000676241595663609,0.00553035486352035,0.00121767022108426,0.00025715198078174
"Japonica.Rice..China",0.0551496148455045,0.0608464284435834,0.384093710718405,0.0107189231695897,0.0120338799465575,0.00469845862411324,0.0420999900176325,0.0307180622774138,0.00408188775336403,0.0072117455859216,0.00758537380230407,0.0120738657307145,0.00466648110841501,0.00322333199410267,0.00124521343594082,0.00608851040358942,0.00496196585588268,0.00149991134120077,0.000424373663041086,0.00199928136381605,0.00758013344029033,0.00451087306157966,0.00767320382788983,0.0017373461611991,0.0033121995664659,0.00327132498380403,0.0215986172521228,0.000100526272876117,0.00343651011667569,0.0279046081342713,0.00313373559768463,0.00649459074357852,0.00350077492006223,0.00921541815498851,0.00895610885361406,0.0083863944001187,0.00989529002120064,0.00199850361930406,0.00410319577061292,0.0119066401934867,0.0141510570321363,0.00620934285953117,0.0115954944892514,0.0105767138077411,0.00371493645668224,0.0173223829696529,0.00713640606896835,0.00606840181805003,0.00680015981889407,0.003876183562633,0.0086014470203608,0.0116234773754848,0.00409938510639882,0.0264836804728531,0.00396796851742402,0.0152897047020872,0.0032176263849065,0.00617294169203473,0.023199374455225,0.000352524011708922,0.000250596911329448,2.87584310461315e-05,0.000292435377689146,2.16563844153448e-06,0.000117362905101159,7.89798192841117e-06,3.22593135339145e-05,0.000383324074220075,0.0037412083624111,0.000160534909796585,0.000387242299560345
"Pork..China",0.00556419180151879,0.00991904037314096,0.022013798521945,0.788825652308958,0.0263017147632787,0.00139305592952985,0.00240623872871088,0.0135192037997453,0.0112118769439342,0.00691022381458753,0.00372384243300728,0.00276776517756599,0.00519232130476407,0.00377880923487846,0.00191872068249205,0.00137618276529318,0.000257063097612139,0.00081516464667777,0.000157960451694136,3.43295333094016e-07,2.23239458076359e-06,0.00388005122286911,0.00169517406553158,0.00143235563583558,0.00155314442655295,0.000116339962809629,0.000552838362377429,4.3981141614527e-06,0.00270502676034224,0.00443874796747163,8.02709932456295e-08,0.00133507200308272,0.000448821220087221,0.00111085050055674,0.00299210441542318,0.00123875145799044,0.000106202851261875,8.49220149281883e-05,1.41646133679764e-05,0.00141022597991306,0.000755491316523853,0.0024013700291775,0.00393231934663344,0.0119246614570099,0.00103440123903659,0.00729016306701744,0.00339834650336264,0.0017555399946385,6.45212167700441e-05,0.000217977487288121,0.00107893012267205,0.00169887596036952,0.00522525116327712,0.0034179569907257,5.18450913724235e-06,0.0025489500232714,6.32826841471956e-05,0.000683765759034771,0.000756062289590966,7.70600526562708e-07,0.000162493838290471,0.000165374700153234,9.34616288253332e-06,1.52696522223205e-05,1.71775018992413e-06,0.000637604850665037,0.00173909649775557,0.00026251806247726,0.0064023313928777,0.00630305888664232,0.00287269213082837
"Beef..China",0.0218387887598697,0.0314892484589161,0.018165759456128,0.0193325044540078,0.579809171149171,0.0433312701213461,0.0198780086511814,0.0199337705635568,0.0156148371422926,0.0160401220034684,0.0094732275981241,0.0151141887793852,0.0153739862762797,0.00360425443387826,0.00333244919991125,0.0016529178932001,0.0041534132388633,4.9280067694959e-06,0.00118278213149518,0.00411592861119181,0.00071205669137369,0.00227869677148877,0.000750929024936662,0.000634145588554096,0.0010687863793027,0.00237996360681403,0.00838704363894095,0.00230629683700175,0.00221578970900433,0.0104651457073189,0.000637304473085999,0.00135062277720509,0.00194071976094876,0.0052770762614816,0.00247681210633857,0.002090305539103,0.00931050640459071,0.00119158350566522,0.000853400705540704,0.00367160887159419,0.00575638874291668,0.0091790715835432,0.00680072475197329,0.00717184636735777,0.00437627875904382,0.00752645702049691,0.00132295338565178,0.000962153040149604,0.000800287344384392,0.00293177082099809,0.0019426527677527,0.00598900667883086,0.00294987765368506,0.0187695632448328,0.000215344495871049,0.0031509764386534,0.00313031737155601,0.00295765052780581,0.00499392709768103,0.0011802976665395,1.72867170910823e-05,6.33987032089231e-05,6.94641128928584e-06,0.0011426093922247,6.19123754316683e-05,2.79911184299239e-06,6.04767542363385e-05,0.000246644261152513,0.0016316774900682,0.000162154575081812,0.00105619715932329
"Mutton..China",0.0294522869926602,0.0167263090785577,0.00844894633292865,0.00121975292625424,0.051617941303054,0.690691864778889,0.00954210018260649,0.0139684517600991,0.00153027643065778,0.00962048136879149,0.00381346834338101,0.00839872808128539,0.00591151877036656,0.000970072784383637,0.000888226290831965,0.00366421825240696,0.00100397544452214,0.00117421779801572,2.12470645490043e-05,0.00163323767930725,0.00378307889840143,0.000137722887012901,0.00526136405457829,0.000832371313662981,0.00012709307036633,0.005165336523914,0.00749245558416821,0.00235445750880837,0.0030888016767266,0.00411331436538534,0.00129296133527104,0.000275790013446592,0.00172615231598811,0.00191249044118376,0.00194791468473208,1.80003275635856e-05,0.00626543875608027,0.000136659131831003,0.000974504497010972,1.96949048926179e-05,2.09533876984194e-06,0.0063614275033779,0.013119723253662,0.00335661530338695,0.00162560861185117,0.00498935005566742,0.00590296714560002,0.00511727466283063,0.00827086497800138,0.00361038425919276,0.00468285164435495,0.00619452658964046,0.00302311902830509,0.0096529286866663,0.00215420209404362,0.00108125599980582,0.0027541095533853,0.00157926632580489,0.00654364078890694,9.02934052149038e-05,2.97652856844725e-05,0.000482377610806451,1.30863138364143e-06,1.04812580295831e-05,0.000830694259100658,0.00103450366972929,2.2521705068555e-05,1.66119935284315e-06,6.44958768193338e-06,0.000238790244525923,6.01736559589061e-06
"Cotton..China",0.0198641333576065,0.0571906703363445,0.0339998917521371,0.000946216299039106,0.0106345846409762,0.00428540990011287,0.310193531676205,0.0389364636317969,0.0016961862387004,0.0141990406051515,0.00497161143406648,0.0208696067130553,0.00814306671537527,0.0121524095812444,0.00876900417205617,0.0020762130610463,0.00897154696727186,0.00495794255221121,0.00679532158070572,0.0150191750859884,0.00553481595633219,0.00966578610182974,0.00983799388487996,0.0080876416692883,0.00438817892072025,0.00728245489899698,0.0130107633490071,0.0132933819809296,0.00731109664896354,0.0207937389752617,0.00432074405793102,0.00337972724357262,0.00729774378702165,0.0243119828118546,0.00532495118364605,0.0112906908484121,0.00995178343500594,0.00386373563019636,0.0127607045986628,0.0327409583824619,0.0370720117182563,0.00934232365323179,0.0080890993694122,0.00842490547554114,0.00684546712840246,0.00408803434017254,0.00850015228491703,0.00477268641105802,0.00554133399878809,0.00710379070322053,0.00565438740207739,0.0103172515716685,0.00809489237361322,0.0199155975687468,0.00064252889202776,0.0150540334483423,0.00309888752690938,0.00696538226045811,0.0142958133615498,0.0001198567278456,0.000191408232644481,4.43620385869596e-06,0.000233024618705458,0.000101214644925832,0.000386812963910878,0.000400221722651329,0.000259418216809755,0.000531243866283514,0.00908663923195161,0.0033101447964589,0.00243609861949462
"Soybean..China",0.0361781877203688,0.039407981923792,0.0330521296099928,0.00708292945446189,0.0142084662896422,0.00835808451019505,0.0518760133888773,0.413278513286373,0.00926044115063757,0.00918816320087752,0.011511570862628,0.0139660748291916,0.00455733769088198,0.00552137356118749,0.00760904796428483,0.00767403824657623,0.00309659091014182,0.000201055197534063,0.000340933194035167,0.00160906170225278,0.00150953117502193,0.00782149072939094,0.00319044749887702,0.00174284493779669,0.00990882395178052,0.00506059730463965,0.0148158047130976,0.0081807276230729,0.00479263508467803,0.0282180048828271,0.00333759158542948,0.00517508568645944,0.00614762251006186,0.0022412213075167,0.00615195188778674,0.00604511888833669,0.0137537638136953,0.00183040972434321,0.0024397066715912,0.00793693334181025,0.0103186463015143,0.00490063588045324,0.017193383562092,0.0124570740648287,0.00703960939470498,0.0158497748897262,0.0078399619007509,0.00299947162020281,0.0027768933546133,0.00390512112762911,0.00597697406252814,0.0109748288416467,0.0135951147210612,0.0192789947768686,0.00231636734615918,0.00928332076509983,0.000662552818526818,0.00711575599486559,0.0111834351517206,0.000236944906341893,0.00209061141632922,0.00334485488057122,0.000137691411507481,1.09411436314334e-05,0.00127626111085316,0.00148724351855214,0.00154609474026864,0.0010163151038159,0.00455714613346602,0.000258219036951048,9.14520105746244e-05
"Soybean.Meal..China",0.00766872941022998,0.00881205825266085,0.00443079918375316,0.00592591615238418,0.0112282114700888,0.000923727245697502,0.00227981183032983,0.00934215469954399,0.416925256833258,0.0545456909495685,0.196150597875784,0.0477309100505594,0.0277563268822051,0.00166900942930094,0.00178521504810909,9.56846900655416e-06,0.000577774243704525,0.000196723812181631,0.00180687335209712,0.0050968346798755,0.000128841424230011,0.00249015190416936,0.00143569388596172,0.00618876419573472,0.00214115017943276,0.000815468593421474,0.0022312353024383,0.00700279462246517,0.00363568073238631,0.0122092195815928,0.00439123224418466,0.00388299214604101,0.00150473643527332,0.00100672346717957,0.0017372317823223,0.0017307790120052,0.00523083270280781,0.00384669173763799,0.000103525506992002,0.00136788109625076,0.0021831836630963,0.0116478393198763,0.00730990194015056,0.0194295012791634,1.70405859668762e-05,0.0129487248044626,0.0044507430360323,0.00419912963196543,0.00330801669121892,0.0104196237898418,0.00462249058512783,0.00592566804181336,0.000692431144942075,0.00367949414396436,0.000236435840931656,0.00487146859204404,0.00422722381185975,0.00551213394411478,0.00464147531652835,0.000362028302562217,0.00210423142375557,0.000281639777455881,0.0028553538115643,0.0014646204215471,0.000236610573748847,0.000952045810246566,0.00115883080934395,0.000295501802851756,0.0077607829586608,0.00278366091120718,0.00147835081108987
"Soybean.Oil..China",0.00488346257966224,0.0153896168002055,0.00540283021402187,0.00252074669878198,0.00796050657069656,0.00400802646522621,0.0131717773855205,0.00639740716604441,0.0376461320230559,0.287751846007471,0.0356581525197154,0.121745571695654,0.156482588269293,0.00921147298045183,0.00638063987493129,0.000167296020945252,0.00929847299587044,0.00116809521533282,0.00518101555165472,0.0121552716175935,0.000510824119071342,0.00708296687064721,0.00215306514602355,0.022165010357887,0.00621273729379267,1.22608972846246e-05,0.00113365394334628,0.0117352816078213,0.014053895290406,0.00474629142913807,0.00428569098985045,0.00183355511570051,0.00423470001752007,0.0146890062414202,0.000404683129198107,0.00745946815803301,0.00196713846783232,0.00702203138777191,0.000273569329524188,0.00125768851458754,0.00307269562886978,0.0173035141017068,0.00745430572691269,0.0194187315199082,0.00177713967906432,0.0105523877987898,0.00718301871889439,0.0101987025193789,0.00585029637874365,0.00727501518779395,0.00312455888644433,0.00724329870795865,0.00114729141799905,0.00578482591333149,0.00260762620703682,0.00535627167238917,0.00152642293479803,0.00155426928693909,0.00156263472754658,0.000860244170019835,0.00287824821707272,0.0016268119295924,0.00152563398530003,0.000998327607136327,0.000339786127151883,0.00418450892035575,0.00152761611204004,0.000355041951355707,0.00731238539201665,0.00184470595221074,0.000739235662257144
"Rapeseed.Meal..China",0.0118329697787245,0.0047353734297193,0.00834052445262765,0.00199371850396385,0.00690027595735394,0.00233178966607539,0.00676889861466926,0.0117637377244714,0.198694112964121,0.0523352482187264,0.422331591011937,0.0470760160432162,0.0265568742035693,0.00103555668038898,0.0038073371320077,0.000476784121447802,0.000733718053949252,0.000629077747216959,0.00495303384717557,0.00834787397625552,0.00055367944897507,0.000858819435927075,0.002736119529021,0.0077532602341908,0.00313471017934865,0.000705265391431013,0.00217774980251747,0.00609373818732038,0.00478198328885995,0.0110566248686594,0.0022435375000553,0.00862038831837304,0.00119739577429623,0.00524046805236014,0.00294722869191928,0.00284904946353472,0.00787298789829869,0.00525776016918469,2.69436619228605e-05,0.000121315454307732,7.39788919597578e-05,0.00476296008216926,0.00676260047892169,0.0171251754694541,0.000327508233671005,0.0128831853898918,0.00271013272788026,0.00433930150731861,0.00661273552085684,0.0102801673514553,0.00176768307487404,0.00586112011466109,0.00151412598043202,0.00397829146708416,0.000124522518210683,0.00137677355047074,0.00339786956683191,0.00400388853902026,0.00265471287030182,0.000272864345206051,0.000374332138033353,1.64377072215273e-05,0.00108159299029803,0.000862328690626416,0.000174012057943606,9.866372960396e-05,3.73224635652422e-05,0.000774152645576885,0.00558804982994834,0.00164588436353063,0.000644088224861054
"Rapeseed.Oil..China",0.00655842226653679,0.0213235362839365,0.00945202901447234,0.00105502831599594,0.0078381877483156,0.00365632742571607,0.0202300719593509,0.010161257058449,0.0344236890410893,0.127218700503933,0.0335167603266624,0.300687864099003,0.0947627138036312,0.00652606374457755,0.00477847322720633,0.000343578703441426,0.00904245854362804,0.00092076067191482,0.00452394262063303,0.00812393264358058,0.00638222016633626,0.00106443105657088,0.00553093936395073,0.0174181074836509,0.00394801061399626,0.00118050262719598,0.00180828519150914,0.00993165896104446,0.00806808363117241,0.00622391707869103,0.00872825696656722,0.00179414108591093,0.00661404438629776,0.010270494011554,0.000992501042791917,0.00801824413030752,0.00721706975536979,0.00375333180921616,0.00176721221412194,0.00257599965094178,0.00529975090297494,0.0141201595202438,0.0104863439131925,0.0228191277978121,0.00282986675513577,0.0131523514573632,0.0137084879313523,0.0100007871039635,0.0074483797823656,0.00987991328940144,0.00553437504636463,0.00705267988909659,0.00300095512210493,0.00949573133599286,0.000930989390527649,0.00591617527507966,0.00434437271035425,0.00424171826187898,0.00427926328862636,0.00109997635126231,0.000918946324756075,0.000647062648114488,0.00220730813013182,0.00155163535367993,0.000756871268237171,0.00176609816504541,0.00201406281204914,0.000151850440289871,0.0131794461897323,0.00190871071804088,0.000825353595558222
"Palm.Oil..China",0.00319067406336855,0.0088008450100743,0.00401180155958346,0.00217354011843659,0.00875565287607424,0.00282619327706408,0.00866846863907517,0.00364129202993073,0.0219832002151492,0.179570515438641,0.0207639758316955,0.104065965098614,0.330207647237143,0.00851776585271416,0.00769388334860112,0.000215886604719837,0.0104571890142761,1.71761479156581e-05,0.00552876561009475,0.0135433502212712,0.00037973521994602,0.00525017907719672,0.00421121202635556,0.0249634481583092,0.0035105227103114,0.000565166711341698,0.000355477168832817,0.0105438717877043,0.0187822861609273,0.00277128135316954,0.00199065239049492,0.00217749504647269,0.00221208461426901,0.0149342080425644,5.15791619876148e-05,0.00694895668474227,0.000321162438487228,0.00672296775044437,0.000169178138060591,1.5643430302023e-05,0.000695207467104889,0.0248674889549891,0.00690533387499739,0.0168543867199172,0.00186792621719831,0.00886864434370657,0.012832453864696,0.00782814384020117,0.00769401944643288,0.0096945500613969,0.00463238550736189,0.00744011645378925,0.000215208452846739,0.000679847062466864,0.000519324404954192,0.00330484512121264,0.00154400320187434,0.000916307290498908,0.00202270386471094,0.000930132317164299,0.0043143663061701,0.00217645879086412,0.00198194560119887,0.00195888746571895,0.000268967768094085,0.00502699762078962,0.0028428311897895,0.000129021143952896,0.00685640143849377,0.00212692967667161,0.000493268264373426
"Pure.Benzene..China",0.00621315375288952,0.0155549682753753,0.00301842106051235,0.00172300255803903,0.00223584833346513,0.000505163494910925,0.0140909943394317,0.00480525328456541,0.00143983446433436,0.0115139129994564,0.000881926283065588,0.00780633870697061,0.00927791843267933,0.359676430403043,0.0664785043773346,0.00604125562922014,0.0358496251857129,0.00579727306835745,0.0155003620713005,0.0231549267985462,0.0103197971111783,0.0113558546096819,0.0336249087464398,0.0116276475540652,0.0122196615211117,0.000836927069402125,0.0045448528107067,0.0468963844085984,0.0325270492466762,0.00454564757451166,0.00942290780749038,0.000383765315388618,0.0021788672867161,0.0474807350131315,0.000221857331638844,0.0171837036464592,0.00223080305107855,0.0176146107405849,0.000889487174638694,0.0026240990953548,0.00377309345030469,0.0195367767174308,0.0112874056318666,0.00409153981766737,0.0059138336413768,0.00601192750662751,0.010756296362198,0.00406718161658741,0.000761476518511261,0.00322088303747061,0.00440710560418157,0.00312717100948027,0.000113656625420337,0.0114701244090626,0.00130177832967583,0.00460230656989962,0.00259639496180842,3.43039979528907e-05,3.64683669212262e-05,0.000894283085157457,0.00651853404842863,0.00274131608805223,0.00464703219701426,0.00150287963243797,0.00321918825366153,0.00617332258142163,0.00636610332726047,0.00056280379653936,0.00229349972674089,0.00359014601771977,0.00408648643705802
"Toluene..China",0.00381325682012549,0.00866914365556175,0.00109096443258563,0.000818530226529394,0.00193411568556584,0.000432756174388669,0.00951308832796934,0.0061957157542361,0.00144090823653575,0.00746191169155807,0.00303369388240876,0.00534782573485649,0.00784083763021939,0.0621975460949836,0.336514660923985,0.0069364654704786,0.0330908368501835,0.00348503436861121,0.0320235332401989,0.0258977399502264,0.00415233891541767,0.00845161853055579,0.0174671231994355,0.00917239687913583,0.00806299889351813,0.000951684432818088,0.00265710570457997,0.151539452718833,0.0386563730188776,0.00273847839836549,0.00103666413911742,0.00429634481902764,0.0013576851229285,0.0394030416750267,0.0010159690780022,0.0147908992411373,0.000892171560244205,0.0131860889658897,0.000805759650132112,0.0037749405398923,0.00480382625555625,0.0175312761510955,0.00756267202858478,0.00528130444445313,0.00249815597243827,0.00293230450204942,0.00760083035058316,0.00594952941850609,0.00572276852406063,0.00589375476620362,0.00393102133999897,0.00198807066510071,0.00129923220879645,0.00262530145190399,0.00243771959959217,0.00203982023559366,0.00292460494426748,1.09669631121329e-05,0.000174602878452948,7.96545774199042e-05,0.0056488350465433,0.00374722966196937,0.00051022928151771,0.000128495138172676,0.000379790951564301,0.00584200938150612,0.00431099257337751,0.000715515009759468,0.00489613735274599,0.00517476743022001,0.00321088026071032
"O.Xylene..China",0.00878676974432712,0.00911693478222251,0.0106041797018656,0.00116707377880345,0.00190708224459278,0.00354895273340902,0.00447757020137752,0.0124217949262775,1.53527957357717e-05,0.000388929347908805,0.00075521644330019,0.00076438746864549,0.000437362750049175,0.0112361739934166,0.0137891488953211,0.668964732065356,0.00472085819289012,0.00393589083589808,0.0107776328650601,0.00289730751884612,0.0033693566484372,0.00362600940988436,0.0221462254201582,1.10495986910638e-05,0.00406309492673104,0.00103402068680427,0.00579630014998376,0.00685101302510538,0.0151537405255348,0.00593112043108335,0.00638621618001152,0.00717418706761935,0.00971317487354488,0.0266259078737988,0.00269020828731686,0.0110747377164402,0.012744891411655,0.00199005683699371,0.00445120919023028,0.00110326774361784,0.00302547880858853,0.00658507874855831,0.00758578663477211,0.00543023570467987,0.000184222378040692,0.013611420656775,0.000658289704997197,0.00035383310562797,0.0011327174236259,1.62413920767523e-06,0.000241006177358804,0.000557118381777647,0.00350621371521792,0.00467044532233338,0.00323727446793962,0.0109452176649002,0.0010122516019095,0.000622518111082032,0.0024079977876954,0.000131031665380164,0.00174145458128367,6.17414513786392e-05,0.000370549792771804,0.00153448782684749,0.000977663619373054,0.00226378663053855,0.00148319819901637,1.39156766380661e-07,0.00060019335912313,0.00201518767602684,0.000402696217461144
"Styrene..China",0.0087799839831465,0.00577111071964883,0.00510454837673557,0.000128765482558929,0.00283048469448844,0.000574353799790133,0.0114281345815756,0.00296061378266344,0.000547571355509718,0.0127683348701167,0.000686461816984966,0.0118825971783205,0.012513205580239,0.0393834165102621,0.038854784897183,0.0027884218764575,0.395130676934737,0.00178691943306726,0.0126563608026533,0.0186852412152599,0.00293003623501755,0.00515811767501981,0.0693219547224455,0.0170128548141376,0.00304006848447433,0.000174920295083986,0.00245573755317186,0.0308838086436067,0.0699049909858857,0.00147409602238547,0.00156560291769596,0.000619170433711603,0.00471290009190733,0.0167401183590591,0.000513176425005343,0.00900755979950912,0.00199338175782586,0.0189396831442449,0.000346824472001453,0.00184118159055792,0.00191339570621761,0.0239904660492211,0.00447992520134653,0.00729459162439972,0.0028055054316024,0.00339218078084385,0.0184132309034445,0.00808301861765139,0.00558717392620073,0.00954997200500849,0.00399182085511625,0.0150787076338743,0.000611642673136046,0.0050393640881938,0.00195267185391633,0.0024170515204732,0.00412458884164361,0.000475633170652313,0.00288776250865859,0.00010098048623723,0.003926238917007,0.00197246222245892,0.00248834413782263,0.000115713942444979,0.000124624179691168,0.00528140062012451,0.00649454712547349,0.00117498686098921,0.00156653381174127,0.00369630451005302,0.00707098748021055
"Butadiene..China",0.000384117850269501,0.00919495396315515,0.00293442896124043,0.000776532287944027,6.38677214419697e-06,0.00127749593046326,0.01201057944112,0.000365567589764356,0.000354563425079204,0.00305038975629285,0.0011192986027871,0.00230105006702738,3.90871361804576e-05,0.0121117524340199,0.00778212644069219,0.004421147757035,0.0033982821213478,0.751441553645483,0.00191571743644378,0.00598755790443054,0.00104914826263829,0.0138980301940748,0.0167530374813762,0.00206461148916325,0.00557579191907809,0.000790137979241098,0.00426839622489904,0.00338180793986642,1.67290361892282e-06,0.0010876880837318,0.0122279250221937,0.0153163219207888,0.0107355497921015,0.0155033024496991,0.00441084796419868,0.00916353860002188,0.00297420007305961,0.00508370048213865,0.00331652704979563,0.00852134743064574,0.01496339883565,0.00526414095321184,0.00113719230160475,0.000206073159615247,9.03802193082721e-06,1.57723596612308e-05,4.41512338490257e-05,0.000107327846012418,1.78198300581834e-05,0.000705050367398765,0.00420916442213406,0.000272577659399958,7.71963797311774e-06,0.0017441273723922,0.000378430831700979,0.00406298680499688,1.9934658681234e-07,0.00107380539444492,0.000668577779578095,3.81740043725824e-05,0.000286333246530261,1.36785938246245e-05,0.000949735951305486,0.000184478645884719,8.92138544153493e-05,0.000316125436403025,0.000754035791064887,0.000906106398227733,0.0022802820543135,0.000128880714041967,0.00216922836616518
"P.Xylene..China",0.00115737127403717,0.00740366314193485,0.000556451705693075,0.000105146194324504,0.00103058781267731,2.34513481140741e-05,0.0110380425881166,0.000434496653112962,0.00220033446447623,0.00914911477607309,0.00591004196253258,0.00761573239045642,0.00852158542928833,0.0217978143440355,0.0480095578459715,0.00813417167085892,0.0161997390834058,0.00128634045917271,0.50356242947839,0.0880380038824306,0.000847047907623678,0.0115410683678332,0.013196852840309,0.00401534736594279,0.0118168871826529,0.00134074837550242,0.00820996635363203,0.0329288671808411,0.0231312894922632,0.00398276924012545,0.00147367487774179,0.00647766859053712,0.00455490348507112,0.0587034310600626,5.2694767698361e-05,0.0060539554967964,0.0016911768536134,0.00183505007096255,1.63961372996705e-05,0.000585386246444688,0.00103795203610066,0.00868364528049693,0.000173802925892031,0.000384431028141368,2.22880117115381e-05,0.00068020784438776,0.00187603474452398,0.00146681265178068,0.00527051831871718,0.00106015330398572,1.18108614136357e-05,0.00417343556440497,0.00200367227894168,0.000626241103461591,0.000215056334126333,0.00110588969677618,0.0015593247362637,1.27501142273834e-05,0.000176668962897058,0.000284301490622347,0.00470786719522773,0.00378735481693683,0.00211022950361658,0.00285877067426162,0.00226305463121845,0.00864687518481152,0.00382638966703571,0.000574262128437195,4.34587741360331e-05,0.00219361172818874,0.00353387000920154
"PTA..China",0.00359898827184254,0.0109145695486799,0.00193621889161825,1.61884253006175e-07,0.00264058702137178,0.000879595059396434,0.0180107199775642,0.00144826355865651,0.00454736770909481,0.0157131870665111,0.00735258488332172,0.0100500482135058,0.0152565632454845,0.0239468924835953,0.028626984782421,0.0016110503090388,0.0175903990400311,0.00296395940077838,0.0649400834145707,0.37197840799418,0.00390824778553261,0.00744065929531108,0.0133786559171464,0.0127555743790003,0.0124319923825445,0.0081824884144024,0.00389047782221917,0.0253920872995683,0.0301690453003998,0.00123344280566015,0.00272473758838504,2.51426748453353e-05,0.00239304361371106,0.112486518243366,0.000342873932063573,0.0152347854872519,0.00431256263279967,0.0201160667263661,0.000155689339010778,0.00057449472665575,0.00186971201368813,0.0316000761410844,0.0041802370455573,0.00448750359706617,0.00134680764045515,0.00215618143879289,0.00387689863378839,0.0064844178091942,0.0053530813632569,0.000582910671197474,0.000419657032599163,0.00390467390732166,0.00182759397597062,0.00119108811136145,0.000843180660393352,0.00496874555754623,0.00158885806916256,0.000130630128027356,0.0021765788054489,0.000111660649517912,0.00995011462870847,0.00528947429598425,0.000295623654718935,8.36644324542443e-05,2.54682967464679e-06,0.00923710687203623,0.0103001165083233,0.000133605156978025,0.0025089074896104,0.00178367521518278,0.000159452542743022
"Epoxy.Ethane..China",0.00812043293498327,0.0151919350822982,0.0135998136173121,1.95021833773995e-06,0.000846296983422226,0.00377445593486182,0.0122959969934986,0.00251705416587297,0.000212956359247158,0.00122333831404418,0.00090343754911276,0.0146267952884973,0.000792477706716888,0.0197720855580279,0.0085031943431873,0.00347085973218493,0.00511005464248447,0.000962132666104192,0.00115319920876621,0.00724031832319509,0.689117535792621,0.00156611134880761,0.0156634035083238,0.00122081098721523,0.00152569291954204,0.00143247653308976,0.00747104588049419,0.00870312729925055,0.00353865170367223,0.00615296711886436,0.00398790228053498,0.00346664249777851,0.00541164766873698,0.0126109294297607,0.00985351785532692,0.00990121487509703,0.00581248468490101,0.00294275866066758,0.00298789553649248,0.00149078348787793,0.000866903718770361,0.00659744818055355,0.00324212169418001,0.00182742537070056,0.000856548933071488,0.00249276589350109,0.00662058933337314,0.00141887893333993,0.00298059718292956,4.77611194567271e-09,5.72187983131962e-05,0.00352152001707968,0.000656171651350493,0.00702222601578173,0.00910315415384749,0.00545093632732749,0.00897770630499869,0.00156078759060207,0.0111180203730174,7.89061827806524e-05,0.00168209031615564,0.00272689774083814,0.000930793124835514,0.00069634580725021,2.1832874579876e-05,0.00034909465605824,0.00248558096859024,0.000407695127137971,0.000396812923828972,0.000402510218176184,0.000274029119708573
"Propylene..China",0.00471262416341103,0.014827851440152,0.00655104392168122,0.00274374366526886,0.00219224232153232,0.000111226655468096,0.0173816717438915,0.0105568368419764,0.003331614448753,0.0137304317321764,0.00113431949727344,0.00197464367441009,0.0088689884890361,0.0176114431526952,0.0140095116888708,0.00302351972094776,0.00728178074826555,0.0103168031663904,0.0127313957508459,0.0111578569337584,0.00126769984253668,0.557811034495535,0.0167819965003104,0.0132787107545279,0.0282156474153922,1.40611351347438e-05,0.00233785168266263,0.0200384289422543,0.0151996695720422,0.00793708680081951,0.0106846861215504,0.000764853444830607,0.00912660707568923,0.027481379054801,0.00122052115344284,0.00572434095254333,0.00098470081541793,0.00710954827077473,0.000222261788329446,0.00583503546406848,0.00654398467309243,0.0207092853065497,0.00478259620690255,0.000329484842399959,2.26371869574863e-05,0.0027253979735482,0.00109175119510475,0.00186108962110858,0.000986050540655522,0.00448911980148652,0.00200786210180688,0.00537487826908431,0.00513321981845381,0.0034182924434618,0.00219984964361469,0.00310876908614648,0.000205030583934638,0.00377609719479832,0.00413602541626695,0.000309756197459037,0.00233638738674528,0.00420896277522174,0.00724414719999591,0.00558852300072006,0.000137159235344184,0.00330435997441566,0.00295289818684648,0.00157819596936611,0.00169106997522986,0.000622436027689991,0.000839011126124439
"Polystyrene..China",0.00985906603242771,0.00741725702633491,0.00836605052481385,0.000899941373764182,0.000542368870076359,0.00319003139232295,0.0132817332942792,0.00323288100939537,0.00144206418266056,0.00313342999495661,0.0027130790112049,0.00770307171984086,0.00534073371947629,0.0391498479056265,0.0217369365563199,0.013863645288396,0.0734701617653241,0.00933639671449942,0.0109719875654736,0.0150617591017288,0.00951861538549806,0.0125990404216424,0.418775189895757,0.0048369356624918,0.013175335025805,0.0010904872947447,0.00737561039466489,0.0168923396303387,0.0369446390943006,0.00548083257902549,0.00810424701876856,0.00314665919387517,0.0061443737176511,0.0423537589488006,1.31989274233944e-05,0.0227821902746714,0.00594683225786271,0.00540667224828587,0.00130385544551293,0.00119084884561643,0.0024826047571183,0.0193518564625659,0.00562772285367837,0.00365918678256605,0.00487974193738336,0.0042364948143341,0.0167980154952603,0.00466718310226719,0.00800275443713459,0.00247326902412723,0.007562282677808,0.00976138268668589,0.00253137353410854,0.00979376501701543,0.00664250601702649,0.00335996729997787,0.00334220947999429,0.000231758914761298,0.00215353743920046,0.000720886101023323,0.000172337208416398,0.000171295631790234,0.000582939450490861,2.09415682017359e-06,0.000202823399612116,0.000341203772731633,0.000516992612487339,4.94448605127645e-06,0.00112736838238972,0.00186713314817156,0.00293826360534302
"Natural.Rubber..China",0.000862143941641323,0.00723455852131697,0.00163347396647463,0.000655741832777543,0.000394972582249432,0.000435206945835498,0.00941569144232224,0.00152292661668839,0.0053605430087391,0.0278171655006552,0.00662969954514056,0.0209193468278586,0.0273011223287721,0.0116746248569517,0.0098433267608252,5.96494353823646e-06,0.0155488939513003,0.000992215910386399,0.00271232490951399,0.0123835551429321,0.000639761619007134,0.00859670183392305,0.00417111746829349,0.361129572883806,0.0119509093948673,0.000944176221272883,0.00173463151972535,0.0118576720044006,0.0152669452975101,0.00052166221819712,0.000132764349194305,4.09269983438462e-05,0.000408862184414581,0.0114086618112373,6.98502976786611e-05,0.0150019297001928,0.00216587457216242,0.0165269956107618,0.00061489988012489,0.00170270249493906,0.00307048091678241,0.0488114095769388,0.00561071265287404,0.0103590230159324,0.00146220448694177,0.000822962231587921,0.0516522147577791,0.0578726880639935,0.0137147975110618,0.0368229416767276,0.024162628759004,0.0328693527006051,0.000237876314749014,0.00440597095705606,0.00580998355487088,0.000893485654301628,0.00096603617270103,0.00273189376762507,0.000244188504046878,0.00052841408975275,0.00973570182089292,0.0081422796689869,0.00426467569627145,0.00474276525452983,0.00219730436453012,0.0143763797663065,0.0102326025744996,0.000194181242511231,0.00503771336677548,0.00514879266979941,0.00464822031359212
"PP..China",0.00368576816522774,0.00800325531611735,0.00432195551038477,0.000986806063208865,0.000923861399434808,9.22228465206007e-05,0.00709010360523551,0.0120165632817974,0.00257388960894349,0.0108209617859852,0.00372001608421607,0.0065805683356457,0.00532826298579472,0.0170273941361454,0.0120086338262889,0.00304407072580751,0.00385605847077447,0.00371888152375274,0.0117602171455397,0.0167503542360734,0.00110962139332464,0.0253515145778222,0.015768185306449,0.0165858942312284,0.501188378366582,0.000763682208127493,0.00249800077900352,0.0133580771924621,0.0209305932702577,0.00349490611543458,0.00618137062859434,0.00305355285458771,0.00863733234721513,0.0259375287756635,0.000103776171098089,0.035647967726832,0.00278435937553869,0.0198793264856887,0.000246571046685591,0.00793073282729295,0.00971286366142799,0.020174479826143,0.00135591208693343,0.00369203305809584,0.000939995418186311,0.00840921266966368,0.0148750076795848,0.0171647074800302,0.00341192120422073,0.0130938035142426,0.0101865567977034,0.0109004236095519,0.00394470334633721,0.0110815150658101,0.00378322588454223,0.00607249143861196,0.0009605166497771,0.000528693496510191,0.000606716423677288,5.73083591590027e-07,0.00017678418191537,0.00057046971117,0.00230183424679682,2.59697801783926e-06,0.00382407693144853,0.000166700903834196,0.00102361337625068,0.00264434981699215,0.00210469491221431,0.00036773950970246,0.000160570304233592
"Causticsoda..China",0.0024712335812353,0.011947473900914,0.00625298263975131,0.000108280093920581,0.00301360247575633,0.00549053935619498,0.017236369463647,0.00898999979331656,0.00143598453563867,3.12827456908414e-05,0.00122602614816248,0.00288238365392858,0.00125658009322978,0.00170834807961236,0.00207629808761048,0.00113481935295449,0.000325012587513491,0.000771984282985235,0.00195074447280427,0.0161498463983423,0.00152614199503633,1.85069141065927e-05,0.00191179091809298,0.00191951156411031,0.0011186968345854,0.734176921293528,0.00689775194411098,0.00478511634467473,4.53155160123229e-05,0.0192906141323229,0.00106020468819321,0.00234880415949968,0.00165262317724172,0.00701018620973879,0.00625306955103859,0.0107694226685459,0.00709470824185341,0.000330692101696022,0.00498419916481533,0.0220051292445669,0.0240610598058594,0.00375440895404449,0.000970368803292965,0.00103751013765441,0.000165078006525472,0.00066975448519768,0.00380080075408844,0.00280436486026442,0.00594729440449403,0.00134483071477935,0.00359409694058329,0.00717508293174927,0.00351834297658942,0.0040162790139678,0.000309065070228512,0.000118843848318592,0.00138214588980149,0.00186227685926352,0.00800913272130134,0.00012061681254641,0.000659432449046665,0.000129084277936582,9.30934106480405e-05,0.000423552834731449,0.000238306939344768,0.000257332612594101,0.000684379179244674,8.22343394204693e-05,0.000886568788102635,0.000185344952197981,4.01178192033169e-05
"Potassic.Fertilizers..China",0.0425908647004222,0.0277162909141498,0.0289696369567841,0.000361053406456114,0.00745209053405637,0.00558848560474573,0.0216084860673177,0.0184687166644205,0.00275702984863122,0.00202962911796781,0.00265649323805456,0.00309817058203608,0.000554598749542115,0.00650971752271429,0.00406779578682822,0.00446377139110544,0.00320180960605162,0.00292633350724055,0.00836075792650985,0.00538814795687867,0.00558524723549961,0.00215915666111213,0.00907342646191732,0.00247456279840479,0.00256770944006453,0.00484017589096966,0.515174431168859,0.00272380057068416,0.00522896403970391,0.0138060673993485,0.00380932288022842,0.00484390237807352,0.00878464694909447,0.0161014089967631,0.00191238495757482,0.00486765265853665,0.0208479507996381,0.000441517924320075,0.00230783672444887,0.00161420950956248,0.00451172334456783,0.00845219658910323,0.0100870024105703,0.00964901617162185,0.00396522169963809,0.0104795909291038,0.00783071001143135,0.00231014133330161,0.00382310104370903,0.00520486417748301,0.00620697115398211,0.0139216975088398,0.00699655053118357,0.0254900607501401,0.00499894857860624,0.0047494934271817,0.00289604861954732,0.00498961877639396,0.00622488914897241,5.46630469049569e-05,0.00148391404195959,0.00354670405123521,0.00754611565658592,0.00726159061714659,0.00014788303921017,0.00135847629687645,0.0028065481249729,0.00115510617066561,0.00125013191820974,0.00105250068445849,0.00161426461967976
"Xylene..China",0.00480904120281196,0.0105603154981676,8.44752078605154e-05,1.79958496859646e-06,0.00128385804532393,0.00110025512563691,0.0138321481213039,0.0063890456425111,0.00542125790875077,0.0131632242902348,0.00465711654968971,0.0106608733024548,0.0103062310299536,0.0420837338850348,0.14534784889335,0.00330550984527372,0.0252276611183791,0.00145258185987088,0.0210189252265673,0.0220326915881413,0.00407632609035389,0.0115948050727755,0.0130195431250407,0.01059798408534,0.00860260220325216,0.00210367505557525,0.00170650627832691,0.322765334101655,0.0341898429905325,0.00916511761315652,0.00239679436859485,0.00596734160626958,0.00222030781670702,0.0347221266022802,0.00179468583803602,0.00857594227848394,0.0019244158010928,0.0120582457128547,0.000950000272229984,0.00720785880690589,0.0086523730408331,0.0262977776147461,0.00671178041875544,0.0069445079531713,1.56159393398601e-06,0.00402746660421929,0.0129701742408123,0.011129908809379,0.00709254476272332,0.00539448847603194,0.0035426992984017,0.00362090162880362,0.00437783261733245,0.00208270223509823,0.00303208610781925,0.00523082633657109,0.00503808413815708,0.000557167556722035,0.00247048322869041,2.03042705153724e-05,0.00661195976433591,0.00391579672165389,0.00203009257339316,0.0007264911410601,0.00108103720401742,0.00819681745377071,0.00544256858394967,0.00123843783650655,0.00822310300008086,0.00408029470551488,0.00087968043725134
"Glycol..China",0.00246266678226754,0.00412978776073754,0.00311516235091999,0.00119396279840281,0.00133058834518098,0.00155706211587669,0.00820635012537922,0.0040376790159065,0.00303618190940331,0.0170050866662415,0.00394234602488385,0.00934232014680985,0.0198043950479834,0.03148712022534,0.039996074452115,0.00788709149548177,0.0615981529958106,7.75132538377487e-07,0.0159490953644127,0.0282386603859205,0.00178790637094762,0.00948740194415465,0.0307164300063387,0.0147193743243919,0.0145405488939114,2.14904968308956e-05,0.00353395983708405,0.0368816614429148,0.348177140829307,0.00293752334413456,0.00197058762367977,0.00204761472267844,0.00346739283340361,0.0498798171400642,0.00191034514442151,0.0120455809630402,0.00544954387081241,0.0280069004641393,0.000734611519919429,0.00173577095054982,0.00307387218106027,0.0394748055335589,0.00686444656351513,0.00604664999395339,0.00464045820861637,0.0043661458196461,0.025921721265517,0.013205017449168,0.00605058372660896,0.0119398473183975,0.00206425830098639,0.00627950505046547,0.00133570662948955,0.000255916844061295,0.000676766092060451,0.00211329390516586,0.000895624086747637,0.000259101850140191,0.000947133664197423,2.72346445910346e-05,0.00317141995982582,0.00228729329977151,0.000506553687928218,4.78595588281191e-05,0.000284769571241671,0.00431977261967687,0.00514444170691568,0.00126279876611932,0.00435850275417649,0.00516804929593223,0.00263828778730083
"Acrylamide..China",0.0193717448544441,0.0384319881103177,0.0315187684946479,0.00244123714490728,0.00783052187460974,0.00258367611131207,0.0290824077196654,0.0296219732873147,0.0127045769423423,0.00715594165217151,0.0113579385509141,0.00898004278774729,0.00364102785109627,0.00548295006286847,0.00353049692699781,0.00384648486875511,0.00161851054772468,0.00062797112041005,0.00342593181361188,0.00143857262924601,0.00387366269347206,0.00617311740645532,0.00567800930636726,0.000626695877273549,0.00302527619403946,0.0113992383293973,0.0116264250745595,0.0123191761900185,0.00366025700253275,0.433840915813306,0.00396618952292406,0.0737506073553202,0.00143319624281399,0.00608017688313378,0.0149497436127051,0.00936343614923127,0.0138914011133299,0.000729557153087385,0.00114464250798112,0.011050756604967,0.0163103633606089,0.00503380314425706,0.00976336654429273,0.00835365869149174,0.00189204250699233,0.0129702698499679,0.00739551820030453,0.00395489252973177,0.00904729005065281,0.00453063871560366,0.00326969924186538,0.0147863192111367,0.00637379850610568,0.0186259975001312,0.00202296111670385,0.00509348825496806,0.000682490644945777,0.00617591809025089,0.00317661407483765,1.15930677836829e-07,3.97069115939839e-05,5.58460675178491e-06,0.000893250580421141,0.00100601282519549,0.000551035014697616,0.000208571408839635,2.4760866225723e-05,0.0016253857364244,0.0024650207745591,0.000336624637921855,0.000109556087823347
"Acrylic.Acid..China",0.00566322832522047,0.00275250417148474,0.00432204143630201,5.39065307255318e-08,0.000582271665966019,0.000991664960973698,0.00737886517537246,0.00427813156721402,0.00557945748906456,0.0078898093089584,0.00281412598074663,0.0153771338531029,0.00319353789639261,0.0138783147836885,0.00163191621151437,0.0050571305447341,0.00209896233145038,0.00862027917457402,0.00154164301972504,0.00388034841758247,0.0030655964012286,0.0101470181847744,0.0102516907494011,0.000194752117269815,0.00653352509346719,0.000764984724499627,0.00391703323272642,0.00393375821326027,0.0029981908016698,0.00484291365419962,0.529741224618468,0.00126413475775117,0.214471745328615,0.00804640459164702,0.00274826621555442,0.000437680308351276,0.00996923323472289,0.00781910188244352,0.00772780199761704,0.00291319647511837,0.0048769329075207,0.00686387551510664,0.00749436212228055,0.00310386507318666,2.47918310145755e-05,0.00345074910664898,4.58423424558582e-05,4.26343965878001e-06,0.000267301943551739,0.000344503992464785,0.00368922815883275,0.00249941556574216,6.0869908245753e-06,0.0045086692019521,0.00468703771738856,0.00467242620693284,0.00430070196163005,0.00584756549482699,0.00417356064797881,2.66728132674658e-06,0.00315259117685752,0.000627638183088138,0.000819575260013715,0.000645608178115145,0.000303436759821477,0.000621955296072791,0.000836473107466244,3.46088918201915e-05,0.000691667499666244,0.00113150322665318,0.000951422115717185
"Acrylonitrile..China",0.00312345913972629,0.00572552888662921,0.0108735884246738,0.00108838352877148,0.00149798438464519,0.00025677485491525,0.00700659818661802,0.00805254231676765,0.00598916950194458,0.00409764327750621,0.0131259745682496,0.00383706352076151,0.00424061012699891,0.000686138894665045,0.00821019434267181,0.00689648461522898,0.0010076918793072,0.0131074308686789,0.00826143617843605,4.34662371148369e-05,0.00323499826865129,0.000881758029539881,0.0048320015087665,7.28794584644792e-05,0.00391798480173729,0.0020573319760636,0.00604643486737964,0.0118891912530732,0.00378186730116955,0.109318431105093,0.00153457422212105,0.643070070425474,0.00459686174781606,0.00658077256463596,0.00922887369098334,0.00677282409274804,0.00172864720934717,0.000710224276200278,0.000373951013999739,0.00421362363478684,0.00448993169578244,0.00437783745182825,0.00281132261240898,0.00446676491012407,0.000495957148938978,0.00244525937040894,0.00334805557589417,0.00126437478123049,0.00391551075359491,0.00493874135283099,0.000175815356421682,0.00412273648460617,0.00763608480253746,0.000395032530640021,0.00254518717769207,0.00137225897914331,0.00665857778384995,0.00181241525825538,0.000540769171138803,2.60489043509164e-05,0.00168908093348999,0.00211161098159605,0.00034186509545773,0.000506773424897827,1.52934716584105e-05,0.000916984037964721,0.000670750434473617,0.000303975136583828,0.00204797779673238,0.000824585895081919,0.000760955508023823
"Butyl.Acrylate..China",0.00851525332871637,0.00416941988280767,0.00453383777879326,0.000283029263114923,0.00166500955967719,0.00124317926651025,0.0117029367635019,0.00739951661217568,0.00179531730034994,0.00732054671204267,0.00141033776916046,0.0109418356912389,0.00333237288638718,0.00301340693180603,0.00200693844872822,0.00722265664085478,0.00593316558166965,0.00710670138354834,0.00449711503783251,0.00320016128076955,0.00390638637130326,0.00813881611253485,0.0072985344532591,0.000563187327830268,0.00857269993515618,0.00111972685621747,0.00848220951884846,0.00342188403602178,0.00495383772970264,0.00164328971341246,0.201393430069495,0.00355583932861851,0.497438029012456,0.0166714982187938,0.00169317000092712,0.00152778841419377,0.0117925610600891,0.00566002318323683,0.0185813866478806,0.00518736747454977,0.00673098795403658,0.0178719243812891,0.00588308387475802,0.00549801232508335,0.000763689393682484,0.0066991914514154,0.00166558232940332,0.00183028354559747,0.00282726702583397,0.0018392513732205,0.0020033901246919,0.00251893061580746,0.000113715022963931,0.00621725578059706,0.00410434444485596,0.00667950331954623,0.00439934286280311,0.00153000924408159,0.00441628370635331,1.00796871674662e-06,0.000352679209025379,0.00093942218626097,0.0016183477654041,0.000374574881656879,0.000344365257741283,0.000134845981021801,0.000109539682657375,8.69873076972587e-06,0.00170670180709327,0.00113042127230081,0.000792942897118667
"PET.Chips..China",0.00654307471624334,0.0121451405655149,0.00729590827179236,0.000428229029408522,0.00276764131202869,0.000842008444693936,0.0238335731666902,0.00164908647911356,0.000734266140871994,0.0155230055109016,0.00377327122753732,0.0103866846999821,0.0137529728276794,0.0401427359388716,0.0356063349442336,0.012103269882905,0.0128830677453352,0.0062737979377652,0.0354124271090893,0.0919568863674668,0.00556487365692305,0.0149814185006663,0.0307547733678514,0.00960667651453409,0.015737259951619,0.00290355689538674,0.00950410216813092,0.0327130431779101,0.043563835836448,0.00426174264573167,0.00461891116576868,0.00311186035010666,0.0101914777621586,0.304089563169402,0.000854050319626634,0.0113711433160971,0.00586849059830593,0.0174688285622804,0.000813413158907777,0.003401632100338,0.00506287309334489,0.0420696551902446,0.00609150066478156,0.00704722302693315,0.000106320611733854,0.00549594933840473,0.00584865706352789,0.00450556052838153,0.00270870314215332,0.00237015517307886,0.00110162959220215,0.00378280866615523,0.00320486524963659,0.00539951392784143,0.0031595666558578,0.0074741338273452,0.00287243644934311,0.000123743185202102,0.00263097188135371,0.000173526643013851,0.00291157217745343,0.00314134284615012,0.00160741277584592,0.000377940787205262,6.5613961935239e-05,0.00364292178393469,0.00239617083055048,0.000300529611484059,0.00497442405559698,0.00276452622125423,0.0011537155017367
"Methyl.Methacrylate..China",0.000485801451390258,0.00500624716183017,0.0176148422225544,0.00286544653667448,0.00322704165457122,0.00213050315130983,0.0129681935395914,0.011245187311389,0.00314772041822436,0.00106241347682719,0.00527177490063641,0.00249351314295752,0.000118000472160796,0.000465970470986223,0.00228072587750894,0.00303794057213234,0.000981120925489474,0.00443428365934458,3.09647013442307e-05,0.000696327146525564,0.0108017618128677,0.00165293128531018,2.38097199164712e-05,0.000146117353328408,0.000156420345612371,0.00643411947246926,0.00280425568372155,0.00420047246081793,0.00414484385403278,0.0260315379115684,0.00391914758315733,0.0108414406073723,0.0025713320989399,0.00212167341629011,0.755434109116479,0.00015258300611873,0.00058266097327096,0.000327556428135761,0.00170243845737811,0.00315534563795052,0.00694906228105459,0.00265390361220909,0.00258343216497145,0.00674813416302282,8.53339559893331e-05,0.00466189520471798,0.00114175987624915,0.00545663895224834,0.000103415275906729,0.00138715196163184,0.000544331409452131,0.00269775078440049,0.00156662762562325,0.00167461139754155,0.00554616860701889,0.00199685338995673,0.00445316233114494,0.0094796690008091,0.0069628835243302,2.64857798719352e-05,0.00236163186027419,0.002912160104105,0.0013151189620227,0.00218797190240978,9.64586911755113e-05,0.00386011385002195,0.00216373346729449,1.9019268787861e-05,0.000975721503499547,0.000252990747211367,0.000367232326860591
"PVC..China",0.0130962531861356,0.0185345620832514,0.00915867531351212,0.000658715267570371,0.0015122349359836,1.09317739762846e-05,0.015268007155953,0.00613559374618487,0.00174131760708098,0.0108738746461694,0.00282970392325738,0.0111855656483604,0.00882728307636756,0.0200400763071623,0.0184367838813121,0.00694424130109579,0.0095622695462558,0.00511519957078209,0.00503836466476789,0.0171796055600156,0.0060268413646043,0.00430460165450662,0.0228196567030482,0.0174252351657699,0.0298351592413404,0.0061529908580006,0.00396332654995575,0.0111452429862943,0.014511826337816,0.00905314176775854,0.00034656748338665,0.00441780024490387,0.00128830533284526,0.0156854576539889,8.47235515911044e-05,0.41946388621815,0.00955465291606626,0.00901643001142918,0.00827280486599531,0.0106525247264798,0.0157265082432522,0.024525604378973,0.00625567882303223,0.00705388419863084,0.0055285123331741,0.00578024368340048,0.0183623950727017,0.0145449590871049,0.0134613045331154,0.0152629967900294,0.0144382913272509,0.0140304117112734,0.00321072486261315,0.014000119697328,0.003426561033451,0.0227297667426114,0.00176709281847552,0.000332780851526555,0.00296249792113398,0.000594912669251318,0.000582300803577738,0.00144504883369518,0.000448530976550649,0.00033261750517361,0.000153422523175252,0.000355917947676143,0.00149429044462769,0.00131029781596547,0.00276175996053226,0.000381759040007627,0.000568372541563851
"Urea..China",0.0287058832175013,0.0222686213058487,0.0138660675126588,7.24631368377466e-05,0.0086427151884953,0.00488235244971852,0.0172675275675728,0.0179118611711452,0.00675265565961942,0.00367941514500003,0.0100333969439665,0.012918348062114,0.000523479403395972,0.00333819136381547,0.00142694214175728,0.0102540373769045,0.00271526180121347,0.00213028128286315,0.00179740933886222,0.00623992921350315,0.00453973496556324,0.000950121564710229,0.00764305039560902,0.00322799034637468,0.00299010387360565,0.00520110703068651,0.0217806608237693,0.0032090317125225,0.00842406826302362,0.0172336600724093,0.0101288459115093,0.00144680516678503,0.0127594257385304,0.0103869221667137,0.000415127322898208,0.0122597698726851,0.53822266074045,0.00278680205250324,0.008964109651412,0.0124929770822061,0.0150298259214943,0.00905558521560113,0.0133179201399993,0.00323311234443642,0.00263105131018442,0.00729552774518439,0.00802835511369906,0.00352397413118074,0.00492451800752544,0.00985494698521385,0.0110503613560009,0.00660754847365085,0.00548019353191546,0.0127928379653367,0.00533606823003451,0.00301462059656169,0.000814181283544442,0.00380977744584814,0.00441659742751478,0.00051410610325092,0.000504001626534861,0.00040906837121792,0.00019379192606271,0.000616286642866316,4.49192158928057e-06,0.000778288239142203,0.000125174303000854,0.000518708681395035,2.38088689068122e-07,0.00179565476082533,0.00383337207373855
"Methanol..China",6.87245754183122e-05,0.00777400700521861,0.00250966093045022,5.19262035440741e-05,0.000991258008333243,9.54336695309186e-05,0.0060078899942819,0.00213625353540059,0.00445016881744835,0.0117704198551555,0.00600474418353639,0.00602071910678285,0.00982021978482981,0.0236215492220987,0.0188998918187965,0.00143486011812173,0.0231195441707523,0.00326311255727862,0.0016440228598439,0.0260839069795445,0.00205972220846727,0.00614755202457199,0.0062272514992681,0.0220738539181378,0.0191314541378771,0.000217255310246988,0.000413372275662401,0.0180195753349422,0.0387982466757506,0.000811103206622767,0.00711935103720925,0.000532702239047194,0.00548815707558915,0.0277082804423895,0.000209139874569371,0.0103678175584168,0.0024974192185887,0.482333366880416,0.00220790408649392,0.00704090228607453,0.00633830945734383,0.0262014989859654,0.00395375787360577,0.00292289067141859,0.00239734853964338,0.000322014647226553,0.0176267677645789,0.0197652623818734,0.00259758703788331,0.0153846800959199,0.00657884251898028,0.00484402796371877,0.00180299026657502,0.00300639855766549,0.00665244131876413,0.00550086839903558,0.00120527853485988,0.000704241957545685,0.00202883517021227,0.000366664662006369,0.0123339833109542,0.00690270627851907,0.00506729872115577,0.00186980751672378,0.00249799890810697,0.0102066096931659,0.00977746953583693,5.11628860565214e-05,0.0037924260801871,0.00143332325001054,0.000693766327751708
"Metallurgical.Coke..China",0.00535104885709857,0.0298166547820392,0.00628290462941779,1.05608560840222e-05,0.00086565201046586,0.000829802868530931,0.024194538509554,0.00347192401852112,0.000146037566024335,0.000559145343621451,3.75213518409721e-05,0.00345659286661987,0.000301323177895017,0.00145446453472537,0.00140824089061329,0.0039133636590163,0.000516231391796477,0.00259575537216427,1.30351571213981e-05,0.000246159481472684,0.00255004317190554,0.000234343616689404,0.00183115001934917,0.00100142119534293,0.000289345352963576,0.00399273130271235,0.00263466986886125,0.00173106059570187,0.00124088891472161,0.00155172510598012,0.00857961183881792,0.000342004517714185,0.0219692161317946,0.00157320422515343,0.00132541004037084,0.0115993493674103,0.00979536461352914,0.00269220620984712,0.588132833067929,0.0780612092215212,0.0931364522940671,0.00577756541783654,0.0015847828335063,0.000340303980487119,5.18262535630243e-06,0.000963251759560392,0.00228651573188943,0.00214728224078461,0.00644145401409647,0.00134109492292016,0.0101989146431938,0.00283287142653291,0.00118142243995712,0.0112003441502783,0.000228716245802335,0.0154031240603148,0.00441162951969463,0.00202325714979679,0.00570923202445894,9.59380898822197e-05,0.00146131084864662,0.00114786258861447,6.78284780482417e-05,0.000323201242566062,0.00076771311800489,0.000476297164796363,6.74770281517799e-05,2.25103234095216e-05,0.00172731512412816,2.70425640942127e-05,3.3602461850735e-06
"Hard.Coking.Coal..China",0.000989350417317893,0.0320528946684232,0.0118381192500453,0.000682713298459625,0.00241825451082122,1.08893065421719e-05,0.0403078215212326,0.00733399455036971,0.00125291272275609,0.00166911266678796,0.000109696617667152,0.00327160283786538,1.80915401888065e-05,0.00278611429541382,0.00428387511841336,0.000629808293236624,0.00177945312390974,0.00433055682673086,0.000416598277019732,0.000589792155240276,0.000826136763465052,0.00399472672762451,0.00108594135494876,0.00180055501141367,0.00604286655867634,0.0114460034319065,0.00119656495138717,0.00852805638600313,0.00190380664245705,0.00972729712746691,0.00210008407245398,0.00250223515071625,0.00398234340410898,0.00427185500012454,0.00159507469581322,0.00969814451375728,0.00886409987847096,0.00557457402853777,0.050686292568634,0.381883308539397,0.319403917740968,0.00206352236637484,5.41070063480947e-06,0.00010945832349696,0.000188652599833474,5.75756667087206e-06,0.00105778186033372,0.00111677518228499,0.00113203204967235,0.000442976561987674,0.00646291686536907,0.00320841797730106,0.00228704926683498,0.00710831984419009,0.000409311646436033,0.00375095899127729,0.00204623840872507,0.00099985437322757,0.00446735618974325,1.00489329821298e-06,0.00188403853020063,0.000112485982215927,0.000262233158613509,0.00118397071007213,7.1329887950435e-05,0.00221649235065588,3.56010729123992e-05,0.000269705294824865,0.00296359533096461,2.54059743078675e-05,0.000225809492816249
"Coking.Coal..China",0.00510195548872334,0.0377573650373913,0.0128600889909963,0.000334303358996855,0.00346543153595747,1.05891767289955e-06,0.0417162925889272,0.00871509625641455,0.00182778183302225,0.00372729453647964,6.1142971646325e-05,0.00615221984048837,0.000734885350188606,0.00366165877771194,0.00498282448856578,0.00157864028614231,0.00169027097957464,0.00695068061566447,0.00069702175171951,0.00175448344939748,0.000439106487006129,0.0040949392281478,0.00206927841490974,0.00296780687718982,0.00676454498482005,0.0114394807733365,0.0030568944925569,0.00935708640605643,0.0030816111616794,0.01312276696494,0.00321347775851606,0.00243710210914525,0.00472315412885754,0.00581149428764184,0.00321086393836328,0.0130866961601603,0.00974729836882128,0.0045868910112065,0.0552759931781241,0.29194554391375,0.349053734254859,0.0031774605505631,0.000206330267216346,8.77477262711671e-05,5.65814089756768e-05,0.000220151088917908,0.00133175367315134,0.00110814380833005,0.000548375366224366,0.00100638471429051,0.00790792218429314,0.00269843118887299,0.00379182714149207,0.00933399378758532,0.00124951659202533,0.00529494957995219,0.00335764594114205,0.00183715771354719,0.00532455660139459,4.0757986070523e-05,0.00112775599785138,0.0001763364388967,0.000841099753031386,0.00107670314172682,1.12199012538247e-06,0.00178904396704777,7.81878873977228e-05,0.000222383883788178,0.00282612599694015,4.35283218502445e-06,2.09388349253493e-05
"Hot.rolled.Sheet.Coil..China",0.00177587957761768,0.015067118179023,0.00470961571752742,0.000886860042261529,0.00461201491920671,0.00268316431121334,0.0087740316905521,0.00345451144776986,0.00813887153031259,0.0175183508555435,0.00328549189801766,0.0136804609349984,0.0219392528898793,0.0158240614557503,0.0151770221585743,0.0028677070097665,0.0176878466214935,0.00204084174700578,0.00495577334650594,0.024748416994221,0.00278907192218911,0.010815710084719,0.0134622830385915,0.0393763378350525,0.0117267692934959,0.00148976537374325,0.00477960841179315,0.023736090636045,0.0330291024336809,0.00338020271930355,0.00377470185517464,0.00198325410704437,0.0104666900019954,0.0403036580116233,0.00102344753142225,0.017033432332242,0.00490152892884851,0.0158254423683251,0.00286184740924137,0.00157418413552115,0.00265194740161262,0.291324511776019,0.0149824642250905,0.0117481349366136,0.00157901352410165,0.00450534663812695,0.0399139617214143,0.0364857772245155,0.0148609494772117,0.027822689081685,0.0179540367971638,0.0350848623946251,0.00206725324003392,0.00395395855069022,0.00313408305524127,0.0128548716852146,0.00441266848023772,0.00162060507334879,0.00503123015497065,4.34149262392936e-05,0.00334042548277802,0.00206018892774589,0.00185771201445276,0.00118864020211217,0.000485916407403565,0.00610444602256003,0.00149879866961108,0.000306081123677375,0.00550611735875308,0.00854754334275234,0.00291192832670529
"Platinum..China",0.0199618702645088,0.017608186583351,0.00828962011438747,0.00136883249217364,0.00322071776032183,0.00521582347015647,0.00716060939346959,0.0114235497172893,0.00481433045595953,0.00711330831846045,0.00439686076702777,0.00957614575255024,0.00574222367894014,0.00861717085361596,0.00617097557802982,0.00311372283533439,0.00311323973807271,0.000415548055656099,4.48441585347408e-05,0.00308578546566789,0.00129186925195556,0.00235428570038697,0.00369006748187901,0.00426616377719552,0.000742870463310841,0.00036292647305419,0.00537638517909138,0.00570996447809465,0.00541362070922737,0.00617947581569134,0.00388466393583158,0.00120042474553066,0.00324749586734522,0.00550054006116494,0.000939037688732301,0.00409508025945198,0.00679449179172497,0.00225084357385553,0.000739906570773696,3.89049964581338e-06,0.000162312961923295,0.0141217582617551,0.274588630362634,0.097379647964347,0.0227972892127973,0.0851785487698744,0.0157185693084065,0.017516291990008,0.00701864690314219,0.012798173891807,0.00698407571595999,0.0187233627339649,0.00726401087362742,0.00871530211909462,0.0028016116394592,0.00359123759419608,0.000294469175049731,0.00246188134603024,0.00376943988959796,4.97076596829392e-05,0.00324466120106412,0.00188744238975903,0.00195944568888433,0.00303249890982161,4.896314840082e-05,0.00376111058350834,0.000374349070203434,0.0232383959239927,0.0582739174224049,0.0935152880929647,0.0142315894181866
"Silver..China",0.0144685076641449,0.00746517269196348,0.0064227211748878,0.00352590449490073,0.00288503714259347,0.00113350317535828,0.00633487151816161,0.00703037889750656,0.0108694848056753,0.015740127662457,0.00945773134125694,0.0177006270669256,0.0119050531663143,0.00265326308133359,0.00366051950331274,0.00189330669339693,0.00430591791743412,6.39634284986791e-05,0.000155140718248449,0.0028137958832063,0.000618517312532634,0.000137769743733977,0.00203802330491766,0.00669054129129212,0.00171818570168605,0.00032960753558637,0.00436851916777444,0.00501834028897924,0.00405060680017715,0.00449108971319725,0.00136660993727997,0.00162009435988087,0.00257793662576119,0.00540532750753485,0.00208349580297394,0.00392228603025139,0.00140108449971662,0.00141341851542571,0.000134957528269644,6.68534196704936e-05,5.86339422353842e-05,0.0094058361785029,0.0827163116686516,0.233241331269338,0.0145037153313657,0.143489192928225,0.0113110390483105,0.015094620177043,0.00797379544677602,0.00990657995347856,0.00662890709454495,0.0170429722794752,0.00401151542000764,0.00327138985637415,0.00390326403548328,0.00351755871249333,0.00120566389892618,0.00176467148809104,0.00650099781647715,9.0377124993358e-06,0.001125732182674,0.000884575593576929,0.000305910388553208,0.00106601684507384,0.0008814614423691,0.00183336655584735,0.000274465003133486,0.0463053909812479,0.130372771950823,0.0481497037070975,0.0133052779770862
"Palladium..China",0.0147964528759242,0.00869848167278195,0.00503257815789316,0.000725979854210472,0.00392461762601678,0.00123202733654649,0.0114844918278856,0.00890132695908611,9.47266682026483e-05,0.00321628271397497,0.000419185659241527,0.00489489688563323,0.00294166015452198,0.00860257260886052,0.00393845902829308,0.000149807046774858,0.00390074646437988,7.62777709194175e-05,0.000162628377224989,0.00188350518073642,0.00064662046177665,5.06002045797359e-05,0.00608626116670118,0.00226907146058248,0.0010074223925522,0.000121518258567174,0.00400787655897814,6.25582112742387e-05,0.00695720437359253,0.00231562730003611,7.16972769488607e-05,0.000451556742302649,0.000809470836064531,0.000246387833975745,6.55283372090514e-05,0.00685805943041196,0.00260522146090998,0.00258505893796924,4.60663939259919e-06,0.000261493002626777,8.43703718963928e-05,0.00291965142200124,0.0433823055381155,0.032693474168169,0.520230173974416,0.0267253308566531,0.0225345758840556,0.0149171951083796,0.0133413588021052,0.0183887388519982,0.0105798946752899,0.014529074650373,0.00924278306256213,0.0100862976683631,0.000302305574899058,0.000770792386062893,6.18967912755316e-05,0.00372524050687281,0.0085147212904933,0.000140866273649209,0.000825941250569336,0.00082157692473173,0.000626665578993335,0.000826056912389169,0.00224883798491919,0.00201837264388773,0.00145928459382525,0.00730173349929578,0.0186933611186032,0.0128965814335713,0.076549994446023
"Gold..China",0.0256785602632249,0.0111282175959893,0.0121880530014519,0.00249758404672919,0.00350807928036053,0.0019521964953182,0.00356160450536036,0.0103644000103031,0.00839329891670389,0.00991052174654692,0.00824391645708989,0.0118209233052032,0.00725828482044089,0.00451716183155874,0.00235488103141339,0.00549875193493257,0.00232007559052433,5.67238054417315e-06,0.000362938555562015,0.00156650384766026,0.000977579502026859,0.0013204036667791,0.00273394409135936,0.000615858222819982,0.00453438339502989,0.000246535120711546,0.00549735678637996,0.00337216609862913,0.00338892436044311,0.00807946116436719,0.00176040870414438,0.00102761522183241,0.00363954672783422,0.00488433114357057,0.00166774562810342,0.00372404967853276,0.00366318311529779,0.000180423130574203,0.000442617193577545,4.0744800275818e-06,0.000170448209527039,0.00417941096486392,0.083832338282754,0.166256094929159,0.01388142901797,0.270248874647414,0.00222097252354496,0.00278598508399099,0.00361216485895904,0.00396377247710757,0.00352067495064367,0.00948486036648308,0.00552967326746172,0.0061068055667895,0.00300545294878672,0.00441544149924832,0.000617943991679656,0.00118468233923898,0.00484096024373407,2.30793938804894e-07,0.000491298488778357,0.00028828586322607,7.38832770902084e-05,0.000383440644630729,0.000554764797330213,7.85317398558799e-05,0.000901725126992382,0.0851093071118048,0.096690023095413,0.0360198140537997,0.00465847578882484
"Copper..China",0.0071099506280495,0.0102742704076065,0.00528006752968885,0.00122428844977285,0.00064842026684885,0.00242875184967456,0.0077873749900539,0.00539098650551353,0.00303369164212344,0.00709391530091996,0.00182361901256135,0.0129559950367728,0.0110438297703128,0.00849860998485432,0.0064188047960367,0.000279647512109826,0.0132429997190035,1.66972425783394e-05,0.00101280382621488,0.00296185527418367,0.00273023775263757,0.000556203469929347,0.0113991941966403,0.0406464866799301,0.00843438314674639,0.00147119924789766,0.00431960425392237,0.0114197355082523,0.021157322245616,0.00484434674354181,2.45923566770358e-05,0.00147955624779688,0.000951533843964752,0.00546577514673435,0.000429512003953647,0.0124403291168335,0.0042389833850174,0.0103853824666258,0.00110483109271825,0.000787159167344476,0.00108424825985785,0.038935425774387,0.0162677534820392,0.0137814244666257,0.0122825382998292,0.00233548138806644,0.284182361642872,0.0994963642778912,0.0469118539997726,0.0924250126825878,0.045658091763994,0.0425647932759108,0.00355787920894452,0.00427160917267007,0.00580848388746806,0.00357916281484321,0.00325617367653597,0.000309903883857942,0.00240802452748924,0.000336411566189665,0.00275890536422814,0.00144441913105726,0.00182436082977691,0.001047802465844,0.000150418923352496,0.00403117700454952,0.00356914218232837,4.17787703700186e-07,0.0048765685729265,0.00192609026133844,0.00610475160740209
"Nickel..China",0.0030481943078216,0.00651738774863631,0.00502626931515606,0.000708008259176058,0.000527919491574864,0.00235701859185953,0.0048948431941625,0.00230892885834307,0.00320412682751893,0.0112754900747744,0.00326869862177519,0.0105810046002111,0.00754189169561016,0.0035974122371637,0.00562454308151097,0.000168268902906479,0.00650790870359908,4.54386926438801e-05,0.000868669580927522,0.00554577032676664,0.000655029199833205,0.00106142376517936,0.00354554103680022,0.0509822762441008,0.0108954214955703,0.00121518502608312,0.00142656929300718,0.010970169631596,0.0120655561752791,0.00290009883905455,2.56038321074548e-06,0.000625498321913079,0.00117054472630168,0.00471363483684614,0.0022979324077085,0.0110312962781406,0.00208295244078257,0.0130365867372812,0.00116150832916518,0.000930344295099701,0.00100997926289504,0.0398432903224627,0.0202940275890448,0.0205885280798876,0.00904686818093344,0.00327961990733675,0.111382949336941,0.31813292695715,0.0314199222131319,0.0661089850630388,0.0314724575028775,0.0582604606751039,0.00385181348508302,0.00508327842600904,0.00941298577464612,0.00626955093655255,0.0013942709611273,0.00145900837524031,0.0012448020993362,0.00100148201694784,0.00431706819157783,0.00238060934250332,0.00145171982993455,0.00096900000931971,0.000569844290133669,0.00520449249056219,0.00177332882010693,0.000895797290044154,0.0113263873469944,0.00678986471368591,0.00737675793430051
"Aluminum..China",0.0103877218481214,0.0109539832611287,0.00802201773946771,3.70615192223967e-05,0.000625406747883159,0.00542585626146389,0.00809437432430258,0.00304451465503207,0.00359510170873809,0.00921215939932629,0.00709462228954591,0.0112239986741377,0.0105576642602586,0.000959281856461347,0.00770555428206071,0.000767220242618743,0.00640697658334222,1.0745089691477e-05,0.00469786226954298,0.00652060371810605,0.00195979966665958,0.000800965423562669,0.00865885049022927,0.0172079065923662,0.00308460597288509,0.00367045922112191,0.00336250679378458,0.0099567337866181,0.00787405990660437,0.00944908378307433,0.000228633592058476,0.00275887369316982,0.00257531014343583,0.00403609696196125,6.20282886408898e-05,0.0145409997655408,0.0041457532059037,0.00244019479320899,0.00496261038409602,0.00134316615618702,0.000711848121232828,0.0231137932716524,0.011581706039331,0.0154903515150657,0.0116263947295394,0.00605627187906232,0.0747975154597379,0.0447505295214448,0.453107962615815,0.0475362227908322,0.022924588040112,0.0293187511967452,0.0026101147801467,0.00327052290590659,0.000658259301044552,0.00111604247652142,0.00107849942534263,0.000698673421298933,0.00248642437271414,6.63682138459259e-05,0.00311622964163504,0.00380246727591673,0.00435111494661093,0.000960536744798773,6.12326840458268e-05,0.00395526132096068,0.0009726502349403,4.28538640577843e-05,0.00639225304672214,0.00229313467272628,0.00259006013863314
"Zinc..China",0.00240474790681214,0.00699787237938494,0.00334401454265725,9.15654501033558e-05,0.00167550587673791,0.00173208860321327,0.00758854367307893,0.00313106944831277,0.00828123009099186,0.00837754566376139,0.00806580343509522,0.0108877527711573,0.00972840290291263,0.0029673173275146,0.00580348797984809,8.04490733685939e-07,0.00800870631064614,0.000310903745317742,0.000691497933199482,0.000519260506193845,2.29658336071929e-09,0.00266670584189363,0.00195700273193102,0.0337875299499003,0.00865696866432314,0.000606970954065834,0.00334777389513139,0.00553814603452562,0.0113631708491815,0.00346042898833034,0.000215492175698459,0.00254483133033039,0.00122518909574787,0.00258271380036629,0.000608455005425638,0.0120571941616616,0.00606727013075545,0.0105692015878499,0.00075558810310473,0.000384371421195757,0.000955372554833707,0.031646311097889,0.0154442375780797,0.0140740553682802,0.0116503446616438,0.00486010711930355,0.107768891961185,0.0688577593240911,0.0347635399122194,0.331360714380889,0.0959569236594361,0.0380915695289062,0.00363871244475616,0.00395908498472497,0.0048906217142365,0.00354873000119312,0.000615024159689942,0.00115562482747023,0.00191971844110611,0.000105622969235199,0.000895466043045578,0.000582977197651076,0.000426214927391482,6.85229823684616e-07,0.000213936068555958,0.000585731530625319,0.000915699755186716,0.00151799184143073,0.00824662716856042,0.00451162140631777,0.0078369540865671
"Lead..China",0.00334972406584133,0.0116572191891023,0.0091883721033537,0.00056119855603938,0.00137472032117474,0.00278182823207057,0.00747923320060157,0.00593393516032803,0.0045490643693523,0.0044552784006292,0.001717335260605,0.00755191230578984,0.00575601370411963,0.00502742649644533,0.00479298051454524,0.000147818640558549,0.00414509555045945,0.00229829057169866,6.59176470261852e-06,0.000462893439708851,3.40682388255785e-05,0.00147689980528231,0.00740928354112149,0.0274527198960561,0.00833932061127858,0.00200859931479859,0.00494344468164636,0.00450351547110811,0.00243258506992084,0.00309229950011108,0.00285743260171327,0.000112176725872217,0.00165245939498797,0.00148640901492985,0.000295645352826456,0.0141229517760059,0.00842400765837753,0.00559637020600521,0.00711512909073889,0.00694387900511222,0.00929553414294776,0.0252865357676848,0.0104359175678126,0.0116611309568484,0.00826949671685502,0.00534522865546731,0.065921167353951,0.0405906762139353,0.0207588885670488,0.118817264689671,0.410302583772766,0.0297065186730714,0.00246619816126675,0.0111193496316344,0.0061636023439616,0.0030712960950307,0.00107151525406988,0.00132709488657431,0.00484277876147982,5.8156532773532e-06,0.000274420214030822,6.53568486391087e-05,2.25991519043618e-05,2.67028432208689e-05,0.000286315078334307,0.000279513984179679,4.830086265478e-05,0.00159523173916894,0.00695007724696277,0.00344563776812861,0.00701112159357664
"Tin..China",0.0116934919254111,0.01468513800162,0.0107902811920078,0.000767917437564247,0.00368301595817369,0.00319784687662405,0.0118594668822341,0.0094686663430789,0.00506772450297134,0.00897536586495329,0.00494835600418542,0.00836319370622211,0.00803390126763576,0.00310008452803149,0.00210650120080531,0.000296946458062468,0.0136068393051957,0.00012933883192605,0.00295433856818508,0.00374283707424613,0.00182209385588477,0.00343570142771065,0.00831121043961703,0.0324535328969789,0.00775490117119203,0.00348465735458242,0.00963544499815278,0.00400003439664916,0.00643071174990498,0.0121524390953269,0.00168231990220574,0.0022859207145233,0.00180555659055568,0.0044355424943793,0.00127332457557791,0.0119264096602136,0.00437735997659862,0.00358090845669949,0.00171745482620528,0.00299567122857025,0.00275646792361596,0.0429414429656047,0.0243128115595564,0.0260539580650907,0.00995579773730551,0.0125141377531068,0.0534056608173641,0.0652978943549775,0.0230715970213391,0.0409884724719299,0.0258155505543798,0.356561036671732,0.0141976531576372,0.00930735586035741,0.000308988618992055,0.0030187712855221,0.00442989446397435,0.0047462430266757,0.00242177076836969,6.75445067416681e-05,1.17383326369685e-06,0.00049877193025473,5.6472568613207e-05,1.25726816933967e-06,2.86255163928168e-06,9.25023040962895e-05,0.000599240949507146,0.00509656500055173,0.00822378141918893,0.00678042591740638,0.00344144893237418
"Chrome.Metal..China",0.0205352178800735,0.0180379158961089,0.00669994135247822,0.00415829813545738,0.00319380503766304,0.00274764350536416,0.0163820338754345,0.0206504503990639,0.00104257634502946,0.00250290925788999,0.00225059796116614,0.00626517316113554,0.00040913033045166,0.000198368292923009,0.00242366318893963,0.00329021774347543,0.000971732005973785,6.44898259237225e-06,0.00249736054158907,0.00308426343118347,0.00059774181824856,0.00577686527602396,0.00379458922431893,0.000413502010579805,0.00494086325881869,0.00300834003262822,0.00852548614585718,0.00851455091314967,0.00240824299135561,0.00922268339504071,7.21320631251217e-06,0.00745421515216989,0.00014350543109079,0.00661603413861808,0.0013018431690803,0.00480505090603502,0.00639180320327868,0.00234658102066071,0.00126101214332307,0.00375953663993207,0.00681939301618121,0.00445457353059261,0.0166067027806148,0.0107967347647664,0.0111593157683055,0.0128447322220365,0.00785929442577347,0.00760056900427832,0.00361615793396777,0.00689344311957373,0.00377322928055781,0.0249960944340792,0.627753984774976,0.0195467916006841,0.0057900661823141,0.0041826466199775,0.00126397334236375,0.00437504565004727,0.00932812250212744,4.759299456038e-05,1.41422805560728e-06,0.000873546407868758,1.52791259520768e-05,0.00017585383438551,3.34568583905688e-05,3.72857163915593e-06,0.00145447173527671,0.00315449855238139,0.00276592971545336,0.000722717492779815,0.00245323212952342
"Silicon.Metal..China",0.0338729409753525,0.038627541791571,0.0293949911361136,0.00184721632623237,0.0138007051236323,0.00595808846170691,0.0273711342377669,0.0198872049396712,0.00376237518350337,0.00857046460337552,0.0040158290758938,0.0134630887430804,0.000877720594497117,0.0135952857155585,0.00332588615254924,0.00297637233962417,0.00543709821749967,0.000989498592460634,0.000522783668230335,0.00136508076917603,0.00434423881953037,0.00261248799759975,0.00997013239795357,0.005201286373252,0.0094260630271795,0.00233214386481898,0.0210935054904018,0.00275088534098592,0.000313350799324319,0.018302955431286,0.00362841364478058,0.000261882666172408,0.00532834014326639,0.00756981631148343,0.000945038807018056,0.0142288356372228,0.0101329782464142,0.00265724401681792,0.00811873063282058,0.00793539362974669,0.0114000671375212,0.00578611785075134,0.0135310682899588,0.00597941891870095,0.00820478640823625,0.00963346200186557,0.00640806017610455,0.00681188749887733,0.00307714308403572,0.00509361360099791,0.0115533338855934,0.0111281923930315,0.0132745006966596,0.426316547414082,0.0062901946304531,0.0359162182592773,0.00110746373689708,0.00598578534704915,0.030131257433363,0.000675629012264262,6.69120002852289e-05,0.000267485101781156,0.00142560264671599,0.000268884179452496,0.00170912370898785,0.000618722710583765,0.000561718315309589,0.00123349599596942,0.000749273907692914,0.0016420537231308,0.00633695000879973
"Cobalt..China",0.00293657861649989,0.00625613556476492,0.00718020939862558,4.5680695451318e-06,0.000258139689532714,0.00216774498945505,0.00143968013314704,0.00389556715644952,0.000394149694555108,0.00629844449924824,0.000204927581385264,0.0021519635937638,0.00109309446056078,0.0025155395300068,0.00503484201151617,0.00336342995589103,0.00343474583775061,0.00035002365307034,0.000279176683398193,0.00157546584897732,0.00918131068895519,0.00274101861799294,0.0110244542706069,0.0111819600673346,0.00524647211073546,0.000292587174250999,0.00674420025516711,0.00652921146557614,0.00135096601698932,0.00324088122734284,0.00614951358566055,0.00275085385072913,0.00573470265622868,0.00722157781474233,0.0051027297312966,0.0056776678703165,0.00689073396749637,0.00958605317663719,0.000270288567726644,0.000744954098226927,0.00248803122763508,0.00747720972526392,0.00709139162786345,0.0116313066730336,0.000400760776859134,0.0077295129171545,0.014205998288764,0.0205648179503204,0.00100972102189541,0.0102581522859844,0.0104408642194596,0.000602302530284495,0.0064106215307179,0.0102550547088199,0.695034060765094,0.00207680981094546,0.00094497738176848,6.18233846926392e-05,0.0114203897191904,0.000273634810569285,0.00260135686830365,0.00516662391700215,0.000751970793938668,1.09475652105633e-06,0.00137614115965074,0.00167908110536238,0.00100651940353743,0.00165019749754283,0.00575917386186244,0.00113370950720676,1.25590600193596e-07
"Ingot..China",0.0139815177462654,0.030949039300077,0.0209693578723142,0.00170217232419167,0.00286274922017448,0.000824645739219687,0.025564857073458,0.0118326974480815,0.0061549557034604,0.00980545402826782,0.0017172446632905,0.010364500141184,0.00527214340106895,0.00674041746164231,0.00319308982403123,0.00861875251448286,0.00322231793836699,0.0028482193623456,0.0011346816631061,0.00703642812988146,0.0041667844756472,0.00293578733974127,0.00422646557871288,0.00130331009597907,0.0063824753922074,8.52705781866508e-05,0.00485641979408555,0.00853702685116007,0.00319729623096772,0.00618454894166689,0.00464624289302016,0.00112408981739942,0.00707340322235671,0.0129474005807172,0.00139242823034199,0.028544578379254,0.00295048840974495,0.0060076853467705,0.0137961090383412,0.00517410061117721,0.00799084617025865,0.0232441649374591,0.00688945420568681,0.00794436287690481,0.000768614108032289,0.00860663669368737,0.00663449033113801,0.0103812833209558,0.00129748474296877,0.00564150750270772,0.00394312609686282,0.00445984285524055,0.00350982065538961,0.044379422017152,0.00157403312777933,0.526772663925933,0.00129664278049644,0.00706371946389226,0.0179914725011165,0.000256818086377023,0.00285797189012758,0.000229471862810629,0.000373800317441726,0.000245221133303042,0.000184027043583151,0.00203585764894093,0.000448771086346392,1.76668622922477e-05,0.00167885690983547,9.66865514678252e-05,0.000858108931423729
"Electrolytic.Manganese..China",0.00227015616635542,0.00973440508714698,0.00615920410292499,5.89834326660086e-05,0.00396944206888758,0.00293172377026966,0.00734512606214777,0.00117870155544392,0.0074545805986019,0.00390016465004734,0.00591533456016849,0.0106227596231082,0.00343785256058334,0.00530743831853978,0.00638983137311008,0.00111252922368225,0.0076747827607152,1.95047224261189e-07,0.00222314092383196,0.00314046205144232,0.00957851689861675,0.000270245035643215,0.00586784860014458,0.00196678329865619,0.00140906193480064,0.00138413782027632,0.00413311725008398,0.0114763744346448,0.00189126196077161,0.00115662445866012,0.00596900239532023,0.00761288654444953,0.00650241978638885,0.00694504544029531,0.00433409188180223,0.00309735484789418,0.00111220620332146,0.00183724169498352,0.00551505421947593,0.00393959641065594,0.00707243211049293,0.0111365443402187,0.000788466899795399,0.0038005541335339,4.3451688546976e-05,0.00168116909236799,0.0084243542187888,0.00322229085259262,0.00175002559745541,0.00136463760785499,0.00192008424252904,0.00913451878945795,0.00148038478812353,0.00190995661263452,0.000999635113603586,0.00180976962097367,0.735235007414704,0.00649215898537885,0.0093469349659725,0.000262670966055013,0.00196346885065997,0.00261883195197034,0.000895624240803437,0.000139388279212068,0.000171032301249477,0.00506134210924915,0.00204666261029036,0.000326439938893363,0.000832371889746613,4.51752882575958e-05,0.00119892944480423
"Nickel.Sulfate..China",0.0162068969887308,0.0189059018956552,0.011468591431979,0.000618559421306849,0.00364012987477274,0.00163164673730458,0.0160238665924839,0.0122866453676498,0.00943445157838506,0.0038544573922954,0.0067652447509147,0.0100665584910695,0.00198020028032566,6.8059359989883e-05,2.3256132616932e-05,0.000664054724942638,0.000858986797158094,0.00101973065829907,5.01230744657001e-06,0.000250599802035319,0.00161623908322044,0.00483071221548971,0.000394921344425139,0.00539828557677507,0.000752762678107951,0.0018100835468982,0.00691143403887421,0.00123183925134298,0.000531037709662642,0.0101584189923724,0.00787710121843625,0.00201119654817471,0.00219487692801904,0.000290385467786498,0.00895471330248138,0.000566133500940528,0.00505117866299316,0.00104190876591613,0.00245488279000602,0.00186836264835219,0.00375585878026589,0.00396967789830665,0.00639793272733686,0.00539900164412617,0.00511273280358766,0.00312818999394492,0.000778188847474822,0.00327268545412843,0.00110034184858174,0.00248869083416519,0.00230809046269459,0.0094988535251581,0.00497334071726368,0.0100194538955945,6.34748659544533e-05,0.00956897269957817,0.00630112466161942,0.71360042903145,0.0171630252944742,0.000115051864517964,0.00096870293449046,0.000142409314460638,1.69538706859781e-05,7.34262878302663e-05,6.31708476212268e-05,0.00121705390833629,0.00235214797401863,8.35663666097543e-05,0.00259959737859547,0.00077881374380204,0.000969714667689876
"Antimony..China",0.022902444299041,0.0345144399172049,0.0333392487986395,0.000529045814779001,0.00475416060326984,0.00522939974422298,0.0254385799050028,0.0149365098111559,0.00614489648719545,0.00299747855365319,0.00346961045688682,0.00785542775884602,0.00338113030759592,5.59655875487089e-05,0.000286394148527244,0.00198687064118123,0.00403401451398457,0.000491103989909088,0.000183391802193615,0.00322978338241876,0.00890534799911807,0.00409272749363779,0.00283849552145818,0.000373232016535765,0.000668192336817376,0.00602145566842289,0.00666951191900679,0.00422485450186448,0.00150150834318113,0.00404157533843835,0.0043487024076926,0.000464162829381188,0.00490043589574514,0.00477563826167573,0.00508755680624645,0.00389834444496964,0.0045294197295563,0.00232175393050224,0.00535820097940777,0.0064570869645173,0.00841991855659895,0.0095326552856569,0.00757723928896247,0.0153847782117367,0.00903846941773736,0.00988745120071357,0.00467714160037627,0.00215977456392112,0.00302893735443962,0.00319781437291543,0.0065148903175078,0.00374900379680252,0.00820203265274869,0.0390123217290328,0.00906967171175853,0.0188521206612357,0.0070171340791892,0.0132756401309511,0.551971597697519,1.96868288970613e-05,0.000516926051516436,9.37959614726395e-10,0.000186993819887666,2.58474434917909e-05,0.000123675404016901,0.000968019127718408,0.00264287040039802,0.00138813095728514,0.00447487831929594,0.00035240811279831,0.00149387005549951
"Soybean.Oil..US",0.000792424303839303,0.000263413805179924,0.000835004236257191,8.88761937808412e-07,0.00185201132902679,0.000118934776842843,0.00035153360721214,0.000521604970822794,0.000789989811234586,0.00271982393051973,0.00058780109836677,0.00332816323742193,0.00256268235286572,0.0022620396230775,0.000215349525469568,0.000178201029848438,0.000232505847632539,4.62178440329673e-05,0.000492313732686743,0.000273098672692921,0.000104172935832099,0.00050520783151477,0.00156611222267797,0.00133121593011549,1.04028935159708e-06,0.000149466646323817,9.65332007390665e-05,5.72318359355706e-05,7.11637177581538e-05,2.43111239721748e-07,4.58080942653761e-06,3.68526170980838e-05,1.84350890882733e-06,0.000519160714469401,3.18972576328968e-05,0.00129031519790783,0.000869016358595931,0.000691606267731284,0.000148406462628868,2.39401266904147e-06,0.000106232548198921,0.000135581118138953,0.000164694060265085,3.52525211012137e-05,0.000187517466700276,7.76958238102082e-07,0.00107698826414591,0.0028639913710589,0.000133258710518857,0.000289997681132879,1.28952992731289e-05,0.000172342870337959,6.89748436037022e-05,0.00144182738972125,0.000358180904176096,0.000443546898511146,0.000325029713494503,0.000146681630782985,3.24486181354123e-05,0.909781645837019,0.00220986745499257,0.00485629105717344,0.0180356692713206,0.00531872212969955,0.0221215783560085,0.000303749620733755,0.00074709778951792,0.000866568926162089,2.77425794624757e-05,2.88039729966335e-07,0.00183209664511927
"Diesel.Oil..Singapore",0.000521155479282838,9.06376698963325e-05,0.000172549043124471,5.5505694458068e-05,0.000122966217458835,1.22617838568267e-05,0.000181938899472818,0.0013368340670345,0.00153740225982005,0.00284293753888526,0.000353216002805478,0.00110809771936424,0.00379532412902787,0.00502794287972527,0.00445327647601996,0.000821123200564096,0.00263999568341494,0.000114920523300856,0.000363774652172508,0.0070739500942758,0.000703335645320561,0.00169074875406498,0.000108920246879727,0.00788324616460114,9.34105944694855e-05,0.000270784633138131,0.00158356338893022,0.00553884991075404,0.00241237940179737,0.00015959113859352,0.00164207842085048,0.000739350627021032,0.000231127329037398,0.00259996847195498,0.000994359963918994,0.000412747820038887,0.000314056441817017,0.00697635980365011,0.000687956322604945,0.00148335256175419,0.00103299687066174,0.0032649973932352,0.00376412403839664,0.00154094931724356,0.000440347584005036,0.000562739812503622,0.00277796234060804,0.00375988767952317,0.00193921077561161,0.00071345409979874,0.000180346373025829,1.0749352039232e-06,1.69557076143793e-05,7.8266898631991e-05,0.000988049478388625,0.00145930745463833,0.000715996493692651,0.000364336912275195,0.000249939293523192,0.000982613756881199,0.269934962844608,0.129083958111744,0.0634127906430264,0.0853917097833609,0.000247602260772558,0.203765035357844,0.145128907952785,0.00110211213929972,0.000710410668664389,0.0053457808100656,0.0018911745572091
"Gasoline..Japan",0.000192532808969434,0.000198240114218061,2.33059205094819e-05,6.54088794448678e-05,0.000117586547290879,0.000215797697289395,1.82978494914149e-05,0.00249443707480628,0.000357665559638597,0.00188936135699109,9.89216105854987e-05,0.000882637356683134,0.00228307863941369,0.00252584782837286,0.0034466836083993,0.000126092646824379,0.00155030321588301,1.60599477886187e-05,0.000600861979829278,0.00439020612252028,0.00126206015240012,0.00275104840944071,0.000126223527542176,0.00750498650790177,0.000350870262127831,7.87264721010254e-05,0.00272097728695817,0.00383327699866826,0.00202963283346775,0.000102691214522116,0.000416882852467348,0.00104512501423156,0.0006138460016559,0.00323532144571274,0.00131088453336703,0.00109503986539482,0.000282890424726512,0.00457378066838139,0.000624648364647671,0.000222740240246436,0.00028695840933128,0.00235228383084396,0.00258773845487947,0.00136293319919746,0.000482367741859498,0.000389033064206014,0.00172278410313,0.00243494725477275,0.00267552280157283,0.000542079403963727,5.18422571555366e-05,0.000431083304962621,0.00044061170577887,0.000220142759192207,0.00229010446595634,0.000154018067245023,0.00110536621880246,6.58595619677791e-05,1.99421473176783e-06,0.001893308431367,0.15012141769217,0.311113687719602,0.0542704255849406,0.0646376386152357,0.00019229682767421,0.165094469135166,0.169509679153202,0.00192031721013284,0.000826856922287449,0.00302714036749373,0.00212011168026773
"Brent",3.87581317056816e-05,0.000502487840861297,0.000339491550790616,5.29248564651873e-06,6.30221705802672e-06,8.52216708688171e-07,0.000335125815286366,0.000148571146066562,0.00305546852440092,0.00236578568071789,0.00114293418235611,0.00327576896757868,0.00267920609834707,0.00576301684969877,0.000676259881156385,0.000248105753961244,0.00280817716083775,0.000563679940747731,0.000362206126595209,0.000354477336496016,0.00060276424699242,0.00579560592346559,0.000620693144713916,0.00527209381642089,0.00204788861550129,5.68204550063373e-05,0.00653820175564102,0.00280563706371289,0.000648787989823295,0.000919199269873614,0.000690448787185026,0.000237428092215221,0.00145102679865034,0.00235760045341263,0.000777660410747825,0.000477180160210088,0.000161106466461717,0.00468637474300457,5.16921690343311e-05,0.000307699639036256,0.00107595724657706,0.00284536271136729,0.0031872580953252,0.00058704582753248,3.73226433612052e-07,0.000122594470435429,0.00286430215644803,0.00203621470750582,0.00428288438832144,0.000573536606188649,2.45912720191614e-05,7.06231304138354e-05,1.09892876182436e-05,0.00149138077550285,0.000482423346524205,0.000316636067028446,0.000543258153146062,1.06438052366086e-05,0.000151080653223724,0.00884235111474301,0.0592128075351579,0.0486325865984211,0.446131971959889,0.217225667415444,0.00315288730162908,0.0729072115963101,0.0430923629544869,0.000697570279105318,0.00140825420114581,0.00465159887195839,0.0121896963367347
"WTI",0.0001123391884363,2.12638703445079e-05,2.74539269668992e-06,9.42548786578685e-06,0.000959551806092384,7.38898508683451e-06,0.000158878941069352,1.28906735705691e-05,0.00171049810929605,0.00168931516476654,0.000994202808028141,0.00251263545887891,0.00288853795606005,0.00203454798631693,0.000185925271343974,0.0011169042495767,0.000142593805713238,0.000119538172762991,0.000434090696602222,0.000109516323525901,0.000492025239833221,0.00487826804481223,2.43491594934456e-06,0.00639476064375638,2.52303339978793e-06,0.000280907013433728,0.00686330310558979,0.00109597123771047,6.69305131109971e-05,0.00112909043232809,0.0005934183477612,0.000383717188175329,0.000366653120219529,0.000605170802683083,0.00141026545757978,0.000386105727265867,0.000557540595192254,0.00188757976424659,0.00026757979391931,0.00150961429701887,0.00150196360750618,0.00198668542505272,0.00537741829861264,0.0022254317201451,0.000326977859739085,0.000690859875607202,0.00179530406910129,0.00148310151373302,0.00103220986905903,1.0069107025777e-06,3.16890319370345e-05,1.71691879515848e-06,0.000136401165821464,0.000307106337084763,7.66950210224485e-07,0.000226668089180811,9.23114977489403e-05,5.01016683769233e-05,2.28011410642379e-05,0.00284659609220315,0.0497810979983487,0.0348711894098258,0.236678559569535,0.486917875129548,0.0020138815624944,0.0633830005091623,0.0397675774480968,5.40282541167347e-05,0.00340937381191381,0.0100323088734868,0.0085573397697695
"Henry.Hub.Natural.Gas",6.28858537924068e-05,0.000876618591260282,0.000268507553589643,1.91355889104219e-06,9.3832921669726e-05,0.0010568654991716,0.00109579959592871,0.00271368579907626,0.000498699343127384,0.00103764877452399,0.000362066736251521,0.0022119177389708,0.0007157740757765,0.00786497320588944,0.000991752893379997,0.00128424855222111,0.00027715608413695,0.000104327775741654,0.00392663840981354,6.01651525986601e-06,2.78407205423128e-05,0.000216073151661821,0.000425598379910457,0.00534675170519032,0.00670484096688517,0.000285232371623764,0.000252247528424987,0.00294317854457321,0.000718714123404868,0.00111612167096621,0.000503346755457742,2.0898284531815e-05,0.00060833555277915,0.00018960841162326,0.000112203815972724,0.000321408529017035,7.33386717739285e-06,0.00455101000314066,0.00114706066983558,0.000164135951745893,2.82461719555346e-06,0.0014657077656249,0.000156693015126362,0.00332093718212758,0.00376089420510435,0.0018038808718726,0.000465123421603343,0.0015740206739179,0.000118752963073525,0.000567343188717943,0.000613200952409923,7.05476089060806e-06,4.68337067736203e-05,0.00352293119474171,0.00173988181500037,0.000306987909797004,0.00020441596639006,7.77901222994188e-05,0.000196892629517155,0.0213669134952131,2.01117058941237e-05,4.62288465508663e-05,0.00620956090109724,0.00363446976417619,0.878744970783346,0.000985874817314658,1.21483163582918e-06,0.00611040144098606,0.00728024489838314,0.00452937880856914,5.19226171272448e-06
"Crude.Oil..UAE.Dubai",2.64867816050398e-05,0.000145438287826322,5.27640065853622e-06,0.000191935713151722,0.000151891803630472,0.000354075147786287,0.000328972425624292,0.000849956771244134,0.00080678294401103,0.00369188439797037,0.000211244240888794,0.00177870802229492,0.00404091215950574,0.00436380769217196,0.00411974246787999,0.000972834590570508,0.00317181776516858,0.000117906115260575,0.00153036695512483,0.00586833621808845,0.000196665093910458,0.00216221559341394,0.000192361848484431,0.0103847865457747,7.87679508833748e-05,0.000126720787564317,0.0016996128144852,0.00615602609094459,0.00293387443814527,0.000290668402630329,0.000369872645023302,0.0003962744075529,0.000121478005648419,0.00291781119409834,0.00142556150738016,0.000260590191754023,0.000428316556524631,0.00528259553573338,0.000232859302424995,0.00160476777858723,0.00144364758928191,0.00524944039209785,0.00407225814292995,0.00220173928736822,0.000858144907625159,0.000177010748849676,0.00362444201935468,0.00408771497322723,0.00221898350318178,0.000416662132235028,0.000165495553128726,6.13977443642266e-05,2.2829365285123e-05,0.000390217131174407,0.000569349619145418,0.000946249476256608,0.00163654103943898,0.000409732776404299,0.000416809307275617,0.000525894418979567,0.182923755735886,0.12751317881094,0.0756773077795211,0.107170966760813,0.000580749744063403,0.245583130080243,0.14896900418545,0.000856858286051524,0.00100331643751355,0.00500092307633275,0.00523604538415555
"Naphtha..Korea",5.1990269466763e-05,0.000470021502416307,2.3920709257264e-05,0.000620906919445272,0.000136632650020005,9.99406436863792e-06,0.000252900523060958,0.0010532562613983,0.000972747229965518,0.00168151177776155,0.000136028269236557,0.00216421728184746,0.00274355266009136,0.00520383662742544,0.00362258915041553,0.000748267939947923,0.00463713902838763,0.000295493719461529,0.000314684465886011,0.00779745780240785,0.00106912279467882,0.00203389550298952,0.000347368090981866,0.0086816540535788,0.000574505593568146,0.000293498802645991,0.00229919094185669,0.004863486597812,0.00416165187408168,0.000142312961518047,0.00051031221312772,0.000336168334834347,0.000102915413167619,0.00228312774329884,0.000963001817553711,0.0010447600326448,0.000127738051329334,0.00591043575485787,6.21806920125242e-05,0.000195031176384396,0.000230943534488034,0.00166865077954859,0.000984659033447053,0.000579717676256082,0.000756784838381602,0.00101537434340026,0.00373189095643372,0.00173306344911356,0.000718965165614142,0.00077707148888582,3.66413981337738e-05,0.000472704781369043,0.000666674787755736,0.000404796116208568,0.000407242876430712,0.000264871547210577,0.000792970415033758,0.000932337730366888,0.0013487359302342,0.000549215413163274,0.155067105095001,0.155429148997793,0.0536142176048369,0.0774146416055197,0.000225601494634837,0.177387406013852,0.28560231151958,0.0013828199263311,0.00041182720884864,0.00282006317073563,0.0036320378062023
"Gold..UK",0.00371153471501239,0.000939561304427873,0.000407638568253275,0.000135932884593888,0.000173752996219248,9.82389655009452e-07,0.000699531957007863,0.00100445832213963,0.000289499819913064,0.000503973755883382,0.000748719944034491,0.000206274965610369,0.000159595311743231,0.000639133243105934,0.000868482609955506,8.49664501615623e-08,0.00121461497085149,0.000492527356799758,0.000450206220929952,0.000146707345219466,0.000241650994775734,0.00115563369663832,4.82265927625531e-06,0.000219629457820456,0.00215508439823206,4.57508163467484e-05,0.000915828114734959,0.00156723346278917,0.00148142702245804,0.00153028493948671,2.66851894385105e-05,0.000193075039803757,7.14271420639079e-06,0.000403675250273843,1.0283562551045e-05,0.00127591519346617,0.000393647869948821,4.33265487661945e-05,1.56333725584503e-05,0.000288472995354974,0.000260230017003781,0.000429146809175628,0.034567658583221,0.0810909544190578,0.00493592362547985,0.128635111923192,6.00488787675345e-07,0.00115013148140535,3.86308853381845e-05,0.00187117664232397,0.00158805631115339,0.00583834899229145,0.00205251917142112,0.00118182159668244,0.000969786656137868,1.36988011660132e-05,0.000181352471494881,4.78324675324673e-05,0.00102721198177259,0.000389056171530496,0.00169537780651359,0.00253984850167756,0.000638951561524645,4.53222627005596e-05,0.00284022835599654,0.00147065269409012,0.00200015801786725,0.408457023292638,0.141160249404569,0.120338122929134,0.0277763987303891
"Silver..UK",0.00183329646911993,0.0053668132821693,0.00277882574369369,0.00231549441561364,0.000802852667825231,2.66400001989149e-06,0.00835713006428385,0.00314584080860558,0.00531048206114214,0.00724982572836854,0.00377479451063385,0.012504544438485,0.00592373638716454,0.00181917017174961,0.00415084212917025,0.000255961458809133,0.00113105998405173,0.000865725032360684,1.18404142185046e-05,0.00192421470717809,0.000164277891473619,0.000864890428202124,0.000768018213757582,0.00397976118980551,0.00119804952807681,0.000344507215596864,0.000692290156572509,0.00726834375777857,0.00357127820455923,0.00162097638787882,0.000372494797366243,0.000908559889169895,0.000978825505999713,0.00466689364018338,0.000368481678921804,0.00187835625755799,1.26201174885209e-07,0.00224314026457469,0.000837881813138048,0.00221398583788721,0.00230986099162433,0.0053920641407188,0.0605449990214535,0.159465963430409,0.00966981814166371,0.102071473187739,0.00489557636717759,0.0101570923649077,0.00402474970973108,0.00710005896974674,0.0048325014489833,0.00657997567390125,0.00125700867567958,0.000501412356593681,0.00236396321625585,0.000909236927691329,0.000322981644100334,0.00103929204004425,0.00231286941134436,8.6995398290385e-06,0.000325819161303881,0.000489658155292291,0.000898838271363323,0.00199758613951949,0.00236357696811189,0.000566248791778935,3.1005592022297e-05,0.0985944939207864,0.285290042131542,0.0935937727302919,0.025623107544054
"Platinum..UK",0.00135146954879534,0.00143075208649982,0.000144374376506012,0.0027601213001349,9.66055228294022e-05,0.00011942357526088,0.00368614218768307,0.000215825750524033,0.0023063008302755,0.00221445500273419,0.00134618138271086,0.00219271426197743,0.00222496832870829,0.00344792620628749,0.00531183621413404,0.00104056713598339,0.00323135611832022,5.92448433625966e-05,0.00142770872237604,0.00165636435376282,0.000201762958643929,0.000385447692941514,0.00154011153750252,0.00492493132789316,0.000253452821369396,8.72042926182748e-05,0.000705709422321285,0.00436679170813388,0.00512724679450284,0.000268023713669826,0.000737819034077321,0.000442930344077836,0.000784981039458328,0.00314034258174221,0.000115682023583106,0.00031437831581879,0.00115244097635101,0.00102648987109893,1.58829172057911e-05,2.2980686983678e-05,4.30762079493587e-06,0.0101349617428725,0.117640779784077,0.0713092611597435,0.00625808621024534,0.0460400091887131,0.00234119369363683,0.00737242442473204,0.00174817818318871,0.00470315682126115,0.00290083613443316,0.00656872258440059,0.000397682900545329,0.00133049424717895,0.000563447595385371,6.34016659983478e-05,2.12242613294053e-05,0.000376995645379092,0.000220539809876876,1.09363664363664e-07,0.00542085979332694,0.00241068776683881,0.00359574654442806,0.00711709898172439,0.00178046573717701,0.00502071982580894,0.00208635105998544,0.101768809519292,0.113323027903921,0.345428231623361,0.0701732403978207
"Palladium..UK",0.000964267835348794,0.000447579820704106,0.000515880776789139,0.00186342453804201,0.000932102483640332,4.45785366922223e-06,0.00401851763787961,0.000113228090144666,0.00181435827396568,0.00131452406808157,0.000780360973129563,0.00140451990376508,0.000764363250735724,0.00581355563580318,0.00488229335902728,0.000308019405712231,0.00915678612306008,0.00147711333296533,0.00347147971654755,0.00021933981277655,0.000203473176351248,0.000769634220300132,0.00359015800176717,0.00658608605036294,0.000163933604814753,2.79602042115498e-05,0.00160333465140833,0.00139457475922911,0.003877266591817,0.000129214055642249,0.000918995155018443,0.000605486853839628,0.000815655332711404,0.00194133714319912,0.000248741394642157,0.000693333625391238,0.00364437237891492,0.000735986183249332,2.92347525585761e-06,0.000302562618018494,3.06947411388572e-05,0.00511454971562462,0.026520066309113,0.0291891999419625,0.0592179725007525,0.00882030695285376,0.0109919470954284,0.0118648065569434,0.00292490593987977,0.0121018017803373,0.00874353389408402,0.00493868351598375,0.00199964506831447,0.00760592154963775,9.24601935946546e-08,0.000833533277522624,0.000834394052013961,0.000695332634420484,0.00138484077186917,0.00103042161216276,0.00167627202326203,0.00227864084499865,0.0139784402251065,0.00899263173301109,3.02341297702004e-06,0.00845106618594602,0.00486847255483137,0.0347963203453442,0.0459567106859331,0.1039483147524,0.511686254498021
